Page URL	Custom label
https://informatica.com.ua/product/f3-12800cl10d-16gbxl/?utm_source=google&utm_medium=cpc&utm_campaign=GoogleSearchMemory	Пам'ять оперативна
https://informatica.com.ua/product/avf6456u64f9333/?utm_source=google&utm_medium=cpc&utm_campaign=GoogleSearchMemory	Пам'ять оперативна
https://informatica.com.ua/product/ct51264bd160b/?utm_source=google&utm_medium=cpc&utm_campaign=GoogleSearchMemory	Пам'ять оперативна
https://informatica.com.ua/product/rmr5030mn68f9f-1600/?utm_source=google&utm_medium=cpc&utm_campaign=GoogleSearchMemory	Пам'ять оперативна
https://informatica.com.ua/product/m378a1k43eb2-cwe/?utm_source=google&utm_medium=cpc&utm_campaign=GoogleSearchMemory	Пам'ять оперативна
https://informatica.com.ua/product/hmt425u6afr6a-pb/?utm_source=google&utm_medium=cpc&utm_campaign=GoogleSearchMemory	Пам'ять оперативна
https://informatica.com.ua/product/hmt425u6afr6c-pb/?utm_source=google&utm_medium=cpc&utm_campaign=GoogleSearchMemory	Пам'ять оперативна
https://informatica.com.ua/product/kvr16n11h8/?utm_source=google&utm_medium=cpc&utm_campaign=GoogleSearchMemory	Пам'ять оперативна
https://informatica.com.ua/product/hp655409-150/?utm_source=google&utm_medium=cpc&utm_campaign=GoogleSearchMemory	Пам'ять оперативна
https://informatica.com.ua/product/k66gky-hyb/?utm_source=google&utm_medium=cpc&utm_campaign=GoogleSearchMemory	Пам'ять оперативна
https://informatica.com.ua/product/bls2g3d1609ds1s00/?utm_source=google&utm_medium=cpc&utm_campaign=GoogleSearchMemory	Пам'ять оперативна
https://informatica.com.ua/product/gn38gb1600c11s/?utm_source=google&utm_medium=cpc&utm_campaign=GoogleSearchMemory	Пам'ять оперативна
https://informatica.com.ua/product/hp16d3ls1kbgh4g/?utm_source=google&utm_medium=cpc&utm_campaign=GoogleSearchMemory	Пам'ять оперативна
https://informatica.com.ua/product/12800cl11d-8gbsq/?utm_source=google&utm_medium=cpc&utm_campaign=GoogleSearchMemory	Пам'ять оперативна
https://informatica.com.ua/product/bls16g4d240fse/?utm_source=google&utm_medium=cpc&utm_campaign=GoogleSearchMemory	Пам'ять оперативна
https://informatica.com.ua/product/cmsx8gx3m2a1600c9/?utm_source=google&utm_medium=cpc&utm_campaign=GoogleSearchMemory	Пам'ять оперативна
https://informatica.com.ua/product/rmt3170mp68f9f-1600/?utm_source=google&utm_medium=cpc&utm_campaign=GoogleSearchMemory	Пам'ять оперативна
https://informatica.com.ua/product/sny1600s11-4g/?utm_source=google&utm_medium=cpc&utm_campaign=GoogleSearchMemory	Misc
https://informatica.com.ua/product/hp16d3ls1kbg8g/?utm_source=google&utm_medium=cpc&utm_campaign=GoogleSearchMemory	Misc
https://informatica.com.ua/product/acr16d3ls1nbg4g/?utm_source=google&utm_medium=cpc&utm_campaign=GoogleSearchMemory	Пам'ять оперативна
https://informatica.com.ua/product/ktd3kx-hya/?utm_source=google&utm_medium=cpc&utm_campaign=GoogleSearchMemory	Пам'ять оперативна
https://informatica.com.ua/product/hma425s6afr6n-tf/?utm_source=google&utm_medium=cpc&utm_campaign=GoogleSearchMemory	Пам'ять оперативна
https://informatica.com.ua/product/rmsa3260kc78haf/?utm_source=google&utm_medium=cpc&utm_campaign=GoogleSearchMemory	Пам'ять оперативна
https://informatica.com.ua/product/hp497157-d88/?utm_source=google&utm_medium=cpc&utm_campaign=GoogleSearchMemory	Пам'ять оперативна
https://informatica.com.ua/product/9995711-e07-a00g/?utm_source=google&utm_medium=cpc&utm_campaign=GoogleSearchMemory	Пам'ять оперативна
https://informatica.com.ua/product/acr256x64d3u13c9g/?utm_source=google&utm_medium=cpc&utm_campaign=GoogleSearchMemory	Пам'ять оперативна
https://informatica.com.ua/product/rmr1810ec58e8f-1333/?utm_source=google&utm_medium=cpc&utm_campaign=GoogleSearchMemory	Пам'ять оперативна
https://informatica.com.ua/product/ad63i1b0823ev/?utm_source=google&utm_medium=cpc&utm_campaign=GoogleSearchMemory	Пам'ять оперативна
https://informatica.com.ua/product/m425r2ga3bb0-cqkol/?utm_source=google&utm_medium=cpc&utm_campaign=GoogleSearchMemory	Пам'ять оперативна
https://informatica.com.ua/product/m425r1gb4bb0-cqkol/?utm_source=google&utm_medium=cpc&utm_campaign=GoogleSearchMemory	Пам'ять оперативна
https://informatica.com.ua/product/kp223c-elf/?utm_source=google&utm_medium=cpc&utm_campaign=GoogleSearchMemory	Пам'ять оперативна
https://informatica.com.ua/product/ebj21ue8bdf0-af/?utm_source=google&utm_medium=cpc&utm_campaign=GoogleSearchMemory	Пам'ять оперативна
https://informatica.com.ua/product/nt2gc64b88g0nf-di/?utm_source=google&utm_medium=cpc&utm_campaign=GoogleSearchMemory	Пам'ять оперативна
https://informatica.com.ua/product/k66gky-min/?utm_source=google&utm_medium=cpc&utm_campaign=GoogleSearchMemory	Пам'ять оперативна
https://informatica.com.ua/product/aa1333d3n92g/?utm_source=google&utm_medium=cpc&utm_campaign=GoogleSearchMemory	Пам'ять оперативна
https://informatica.com.ua/product/hp26d4s9s1me/?utm_source=google&utm_medium=cpc&utm_campaign=GoogleSearchMemory	Пам'ять оперативна
https://informatica.com.ua/product/hma851s6cjr6n-xn/?utm_source=google&utm_medium=cpc&utm_campaign=GoogleSearchMemory	Пам'ять оперативна
https://informatica.com.ua/product/mta4atf51264hz-3g2j1/?utm_source=google&utm_medium=cpc&utm_campaign=GoogleSearchMemory	Пам'ять оперативна
https://informatica.com.ua/product/hp698656-154/?utm_source=google&utm_medium=cpc&utm_campaign=GoogleSearchMemory	Пам'ять оперативна
https://informatica.com.ua/product/acr256x64d3s16c11g/?utm_source=google&utm_medium=cpc&utm_campaign=GoogleSearchMemory	Пам'ять оперативна
https://informatica.com.ua/product/ct4g4dfs824a/?utm_source=google&utm_medium=cpc&utm_campaign=GoogleSearchMemory	Пам'ять оперативна
https://informatica.com.ua/product/operativnaya-pamyat-dlya-noutbuka-sodimm-ddr3-2gb-1066-mhz/?utm_source=google&utm_medium=cpc&utm_campaign=GoogleSearchMemory	Пам'ять оперативна
https://informatica.com.ua/product/hma851s6cjr6n-uh/?utm_source=google&utm_medium=cpc&utm_campaign=GoogleSearchMemory	Пам'ять оперативна
https://informatica.com.ua/product/ebj81ug8efu0-gn/?utm_source=google&utm_medium=cpc&utm_campaign=GoogleSearchMemory	Пам'ять оперативна
https://informatica.com.ua/product/ktd-l3c8g/?utm_source=google&utm_medium=cpc&utm_campaign=GoogleSearchMemory	Пам'ять оперативна
https://informatica.com.ua/product/mt8ktf51264az-1g9p1/?utm_source=google&utm_medium=cpc&utm_campaign=GoogleSearchMemory	Пам'ять оперативна
https://informatica.com.ua/product/acr512x64d3s16c11g/?utm_source=google&utm_medium=cpc&utm_campaign=GoogleSearchMemory	Пам'ять оперативна
https://informatica.com.ua/product/ktd-l3bs4g/?utm_source=google&utm_medium=cpc&utm_campaign=GoogleSearchMemory	Пам'ять оперативна
https://informatica.com.ua/product/mta16atf2g64hz-2g6h1/?utm_source=google&utm_medium=cpc&utm_campaign=GoogleSearchMemory	Пам'ять оперативна
https://informatica.com.ua/product/d3sh56082xh18ab/?utm_source=google&utm_medium=cpc&utm_campaign=GoogleSearchMemory	Пам'ять оперативна
https://informatica.com.ua/product/2400c16s-8grs/?utm_source=google&utm_medium=cpc&utm_campaign=GoogleSearchMemory	Пам'ять оперативна
https://informatica.com.ua/product/mta16atf2g64hz-2g1b1/?utm_source=google&utm_medium=cpc&utm_campaign=GoogleSearchMemory	Пам'ять оперативна
https://informatica.com.ua/product/kth-x3c4g/?utm_source=google&utm_medium=cpc&utm_campaign=GoogleSearchMemory	Пам'ять оперативна
https://informatica.com.ua/product/m471b1g73cb0-ck0/?utm_source=google&utm_medium=cpc&utm_campaign=GoogleSearchMemory	Пам'ять оперативна
https://informatica.com.ua/product/kth-x3c8g/?utm_source=google&utm_medium=cpc&utm_campaign=GoogleSearchMemory	Пам'ять оперативна
https://informatica.com.ua/product/hp26d4s9s8mh/?utm_source=google&utm_medium=cpc&utm_campaign=GoogleSearchMemory	Пам'ять оперативна
https://informatica.com.ua/product/kn2m64-min/?utm_source=google&utm_medium=cpc&utm_campaign=GoogleSearchMemory	Пам'ять оперативна
https://informatica.com.ua/product/gd38gb1600c11sc/?utm_source=google&utm_medium=cpc&utm_campaign=GoogleSearchMemory	Пам'ять оперативна
https://informatica.com.ua/product/hmt451s6dfr8c-pb/?utm_source=google&utm_medium=cpc&utm_campaign=GoogleSearchMemory	Пам'ять оперативна
https://informatica.com.ua/product/ssac02g08-gdjng/?utm_source=google&utm_medium=cpc&utm_campaign=GoogleSearchMemory	Пам'ять оперативна
https://informatica.com.ua/product/rmt3170eb68e9w-1600/?utm_source=google&utm_medium=cpc&utm_campaign=GoogleSearchMemory	Пам'ять оперативна
https://informatica.com.ua/product/kvr1333d3s8n9-2g/?utm_source=google&utm_medium=cpc&utm_campaign=GoogleSearchMemory	Пам'ять оперативна
https://informatica.com.ua/product/nt2gc64b88b0nf-cg/?utm_source=google&utm_medium=cpc&utm_campaign=GoogleSearchMemory	Пам'ять оперативна
https://informatica.com.ua/product/hmt325s6cfr8a-pb/?utm_source=google&utm_medium=cpc&utm_campaign=GoogleSearchMemory	Пам'ять оперативна
https://informatica.com.ua/product/ebj20uf8bcf0-dj-f/?utm_source=google&utm_medium=cpc&utm_campaign=GoogleSearchMemory	Пам'ять оперативна
https://informatica.com.ua/product/mt8jtf25664az-1g4m1/?utm_source=google&utm_medium=cpc&utm_campaign=GoogleSearchMemory	Пам'ять оперативна
https://informatica.com.ua/product/ao1l16bc2n1-bqhs/?utm_source=google&utm_medium=cpc&utm_campaign=GoogleSearchMemory	Пам'ять оперативна
https://informatica.com.ua/product/am1l16bc4r1-b1gs/?utm_source=google&utm_medium=cpc&utm_campaign=GoogleSearchMemory	Пам'ять оперативна
https://informatica.com.ua/product/mt8jtf25664az-1g6m1/?utm_source=google&utm_medium=cpc&utm_campaign=GoogleSearchMemory	Пам'ять оперативна
https://informatica.com.ua/product/kth9600b-4g/?utm_source=google&utm_medium=cpc&utm_campaign=GoogleSearchMemory	Пам'ять оперативна
https://informatica.com.ua/product/kmkyf9-mih/?utm_source=google&utm_medium=cpc&utm_campaign=GoogleSearchMemory	Пам'ять оперативна
https://informatica.com.ua/product/kn2m64-etf/?utm_source=google&utm_medium=cpc&utm_campaign=GoogleSearchMemory	Пам'ять оперативна
https://informatica.com.ua/product/hp26d4s9s8md-8/?utm_source=google&utm_medium=cpc&utm_campaign=GoogleSearchMemory	Пам'ять оперативна
https://informatica.com.ua/product/ao1p26kcst2-bbxs/?utm_source=google&utm_medium=cpc&utm_campaign=GoogleSearchMemory	Пам'ять оперативна
https://informatica.com.ua/product/hma82gu6jjr8n-vk/?utm_source=google&utm_medium=cpc&utm_campaign=GoogleSearchMemory	Пам'ять оперативна
https://informatica.com.ua/product/st3500312cs/?utm_source=google&utm_medium=cpc&utm_campaign=GoogleSearchMemory	Жорсткі диски
https://informatica.com.ua/product/hma851s6djr6n-vk/?utm_source=google&utm_medium=cpc&utm_campaign=GoogleSearchMemory	Пам'ять оперативна
https://informatica.com.ua/product/mta16atf2g64hz-3g2j1/?utm_source=google&utm_medium=cpc&utm_campaign=GoogleSearchMemory	Пам'ять оперативна
https://informatica.com.ua/product/nt4gc64c8hg0ns-cg/?utm_source=google&utm_medium=cpc&utm_campaign=GoogleSearchMemory	Пам'ять оперативна
https://informatica.com.ua/product/rmua5090kb78haf-2133/?utm_source=google&utm_medium=cpc&utm_campaign=GoogleSearchMemory	Пам'ять оперативна
https://informatica.com.ua/product/m471a2g43ab2-cwe/?utm_source=google&utm_medium=cpc&utm_campaign=GoogleSearchMemory	Пам'ять оперативна
https://informatica.com.ua/product/2gb-ddr3-1333-1rx8-silicon-power-sp002gbltu133v02-150grn/?utm_source=google&utm_medium=cpc&utm_campaign=GoogleSearchMemory	Пам'ять оперативна
https://informatica.com.ua/product/4gb-ddr3l-1866-1rx8-micron-mt8ktf51264hz-1g9p1-400grn-es/?utm_source=google&utm_medium=cpc&utm_campaign=GoogleSearchMemory	Пам'ять оперативна
https://informatica.com.ua/product/4gb-ddr3-1600-2rx8-kingston-ktl-tp3c4g-400grn-est-6sht/?utm_source=google&utm_medium=cpc&utm_campaign=GoogleSearchMemory	Пам'ять оперативна
https://informatica.com.ua/product/16gb-ddr4-2400-2rx8-samsung-m378a2k43bb1-crc/?utm_source=google&utm_medium=cpc&utm_campaign=GoogleSearchMemory	Пам'ять оперативна
https://informatica.com.ua/product/16gb-ddr4-2666-2rx8-samsung-m378a2k43cb1-ctd/?utm_source=google&utm_medium=cpc&utm_campaign=GoogleSearchMemory	Пам'ять оперативна
https://informatica.com.ua/product/16gb-ddr4-2666-2rx8-samsung-m378a2k43cb1-ctd/?utm_source=google&utm_medium=cpc&utm_campaign=GoogleSearchMemory	Пам'ять оперативна
https://informatica.com.ua/product/16gb-ddr4-2400-2rx8-kingston-k821pj/?utm_source=google&utm_medium=cpc&utm_campaign=GoogleSearchMemory	Пам'ять оперативна
https://informatica.com.ua/product/4gb-ddr3l-1600-1rx8-kingston-kp4t2f-psb/?utm_source=google&utm_medium=cpc&utm_campaign=GoogleSearchMemory	Пам'ять оперативна
https://informatica.com.ua/product/4gb-ddr3-1333-2rx8-cf-wmba1204g/?utm_source=google&utm_medium=cpc&utm_campaign=GoogleSearchMemory	Пам'ять оперативна
https://informatica.com.ua/product/hmaa2gs6cjr8n-xn/?utm_source=google&utm_medium=cpc&utm_campaign=GoogleSearchMemory	Пам'ять оперативна
https://informatica.com.ua/product/4gb-ddr3-1333-2rx8-kingston-ktd-l3b4g/?utm_source=google&utm_medium=cpc&utm_campaign=GoogleSearchMemory	Пам'ять оперативна
https://informatica.com.ua/product/4gb-ddr3-1333-2rx8-crucial-ct51264bc1339-16fr-micron-mt16j/?utm_source=google&utm_medium=cpc&utm_campaign=GoogleSearchMemory	Пам'ять оперативна
https://informatica.com.ua/product/16gb-ddr4-2666-2rx8-hynix-hma82gu6cjr8n-vk/?utm_source=google&utm_medium=cpc&utm_campaign=GoogleSearchMemory	Пам'ять оперативна
https://informatica.com.ua/product/16gb-ddr4-2400-2rx8-advantech-aqd-sd4u16n24-se-chipy-samsu/?utm_source=google&utm_medium=cpc&utm_campaign=GoogleSearchMemory	Пам'ять оперативна
https://informatica.com.ua/product/8gb-ddr4-2400-1rx8-kingston-km0vw4-mid/?utm_source=google&utm_medium=cpc&utm_campaign=GoogleSearchMemory	Пам'ять оперативна
https://informatica.com.ua/product/8gb-ddr3l-1600-2rx8-kingston-hp698651-154-mcn/?utm_source=google&utm_medium=cpc&utm_campaign=GoogleSearchMemory	Пам'ять оперативна
https://informatica.com.ua/product/4gb-ddr4-2666-1rx16-hynix-hma851u6cjr6n-vk/?utm_source=google&utm_medium=cpc&utm_campaign=GoogleSearchMemory	Пам'ять оперативна
https://informatica.com.ua/product/ddr4-3200-8-gb/?utm_source=google&utm_medium=cpc&utm_campaign=GoogleSearchMemory	Пам'ять оперативна
https://informatica.com.ua/product/4gb-ddr3-1333-2rx8-kingston-kx830d-elc/?utm_source=google&utm_medium=cpc&utm_campaign=GoogleSearchMemory	Пам'ять оперативна
https://informatica.com.ua/product/16gb-ddr4-2400-2rx8-hynix-hma82gs6cjr8n-uh/?utm_source=google&utm_medium=cpc&utm_campaign=GoogleSearchMemory	Пам'ять оперативна
https://informatica.com.ua/product/zhestkiy-disk-dlya-noutbuka-25-500gb-wd-wd5000luct-fr/?utm_source=google&utm_medium=cpc&utm_campaign=GoogleSearchMemory	Жорсткі диски
https://informatica.com.ua/product/zhestkiy-disk-35-500gb-wd-wd5000avds-ref/?utm_source=google&utm_medium=cpc&utm_campaign=GoogleSearchMemory	Жорсткі диски
https://informatica.com.ua/product/8gb-ddr3-1600-2rx8-pny-technologies-64dojkhhj/?utm_source=google&utm_medium=cpc&utm_campaign=GoogleSearchMemory	Пам'ять оперативна
https://informatica.com.ua/product/16gb-ddr4-2400-2rx8-kingston-k821pj-mid/?utm_source=google&utm_medium=cpc&utm_campaign=GoogleSearchMemory	Пам'ять оперативна
https://informatica.com.ua/product/4gb-ddr3-1066-2rx8-crucial-ct51264bc1067-m16fmr/?utm_source=google&utm_medium=cpc&utm_campaign=GoogleSearchMemory	Пам'ять оперативна
https://informatica.com.ua/product/4gb-ddr3l-1600-1rx8-crucial-ct51264bd160bj-m16fp/?utm_source=google&utm_medium=cpc&utm_campaign=GoogleSearchMemory	Пам'ять оперативна
https://informatica.com.ua/product/8gb-ddr3l-1866-2rx8-micron-mt16ktf1g64hz-1g9p1/?utm_source=google&utm_medium=cpc&utm_campaign=GoogleSearchMemory	Пам'ять оперативна
https://informatica.com.ua/product/hmt351u6afr8c-h9/?utm_source=google&utm_medium=cpc&utm_campaign=GoogleSearchMemory	Пам'ять оперативна
https://informatica.com.ua/product/4gb-ddr3-1066-2rx8-kingston-kta-mb10664g-450grn/?utm_source=google&utm_medium=cpc&utm_campaign=GoogleSearchMemory	Пам'ять оперативна
https://informatica.com.ua/product/hma82gs6djr8n-xn/?utm_source=google&utm_medium=cpc&utm_campaign=GoogleSearchMemory	Пам'ять оперативна
https://informatica.com.ua/product/m471a2k43db1-cwe/?utm_source=google&utm_medium=cpc&utm_campaign=GoogleSearchMemory	Пам'ять оперативна
https://informatica.com.ua/product/8gb-ddr3-1600-2rx8-kingston-ktl-tp3c8g/?utm_source=google&utm_medium=cpc&utm_campaign=GoogleSearchMemory	Пам'ять оперативна
https://informatica.com.ua/product/4gb-ddr3-1333-2rx8-kingston-ktd-xps730b4g/?utm_source=google&utm_medium=cpc&utm_campaign=GoogleSearchMemory	Пам'ять оперативна
https://informatica.com.ua/product/4gb-ddr3l-1600-1rx8-kingston-tsb16d3ls1kfg4g/?utm_source=google&utm_medium=cpc&utm_campaign=GoogleSearchMemory	Пам'ять оперативна
https://informatica.com.ua/product/4gb-ddr3-1600-2rx8-kingston-tsb1600d3s1eld4ge/?utm_source=google&utm_medium=cpc&utm_campaign=GoogleSearchMemory	Пам'ять оперативна
https://informatica.com.ua/product/8gb-ddr4-2400-1rx8-adata-ao1p24hc8t1-bpgs/?utm_source=google&utm_medium=cpc&utm_campaign=GoogleSearchMemory	Пам'ять оперативна
https://informatica.com.ua/product/8gb-ddr4-2666-1rx8-ramaxel-rmsa3260md78haf-2666/?utm_source=google&utm_medium=cpc&utm_campaign=GoogleSearchMemory	Пам'ять оперативна
https://informatica.com.ua/product/m471a1g44ab0-cwe/?utm_source=google&utm_medium=cpc&utm_campaign=GoogleSearchMemory	Пам'ять оперативна
https://informatica.com.ua/product/2x4gb-ddr3-1333-2rx8-kingston-kvr1333d3n9k28g-nizkaya-90/?utm_source=google&utm_medium=cpc&utm_campaign=GoogleSearchMemory	Пам'ять оперативна
https://informatica.com.ua/product/8gb-ddr3l-1600-2rx8-axiom-lv102464z11d316813-micron-mt16kt/?utm_source=google&utm_medium=cpc&utm_campaign=GoogleSearchMemory	Пам'ять оперативна
https://informatica.com.ua/product/4gb-ddr4-2666-1rx16-ramaxel-rmsa3270me86h9f-2666/?utm_source=google&utm_medium=cpc&utm_campaign=GoogleSearchMemory	Пам'ять оперативна
https://informatica.com.ua/product/4gb-ddr4-2133-1rx8-micron-mta8atf51264hz-2g1a2/?utm_source=google&utm_medium=cpc&utm_campaign=GoogleSearchMemory	Пам'ять оперативна
https://informatica.com.ua/product/4gb-ddr3-1333-2rx8-gskill-f3-10600cl9s-4gbnt/?utm_source=google&utm_medium=cpc&utm_campaign=GoogleSearchMemory	Пам'ять оперативна
https://informatica.com.ua/product/2gb-ddr3-1600-1rx16-micron-mt4jtf25664az-1g6e1/?utm_source=google&utm_medium=cpc&utm_campaign=GoogleSearchMemory	Пам'ять оперативна
https://informatica.com.ua/product/8gb-ddr4-3200-1rx8-micron-mta8atf1g64hz-3g2e1/?utm_source=google&utm_medium=cpc&utm_campaign=GoogleSearchMemory	Пам'ять оперативна
https://informatica.com.ua/product/8gb-ddr4-3200-1rx16-micron-mta4atf1g64hz-3g2e1/?utm_source=google&utm_medium=cpc&utm_campaign=GoogleSearchMemory	Пам'ять оперативна
https://informatica.com.ua/product/8gb-ddr3l-1600-2rx8-kingston-acr16d3lu1kng8g/?utm_source=google&utm_medium=cpc&utm_campaign=GoogleSearchMemory	Пам'ять оперативна
https://informatica.com.ua/product/4gb-ddr3-1600-1rx8-kingston-hp655410-150-hycg/?utm_source=google&utm_medium=cpc&utm_campaign=GoogleSearchMemory	Пам'ять оперативна
https://informatica.com.ua/product/2gb-ddr3-1066-2rx8-crucial-ct25664bc1067-16sfd-micron-mt16/?utm_source=google&utm_medium=cpc&utm_campaign=GoogleSearchMemory	Пам'ять оперативна
https://informatica.com.ua/product/8gb-ddr3l-1600-2rx8-micron-mt16ktf1g64hz-1g6p1/?utm_source=google&utm_medium=cpc&utm_campaign=GoogleSearchMemory	Пам'ять оперативна
https://informatica.com.ua/product/2gb-ddr3-1066-2rx8-hynix-hmt125s6afr8c-g7/?utm_source=google&utm_medium=cpc&utm_campaign=GoogleSearchMemory	Пам'ять оперативна
https://informatica.com.ua/product/4gb-ddr3-1333-2rx8-ramaxel-rmr1870ec58e9f-1333-450grn-es/?utm_source=google&utm_medium=cpc&utm_campaign=GoogleSearchMemory	Пам'ять оперативна
https://informatica.com.ua/product/4gb-ddr3l-1600-1rx8-ramaxel-rmr5030mj68f9f-1600/?utm_source=google&utm_medium=cpc&utm_campaign=GoogleSearchMemory	Пам'ять оперативна
https://informatica.com.ua/product/16gb-ddr4-2666-2rx8-samsung-m378a2k43db1-ctd/?utm_source=google&utm_medium=cpc&utm_campaign=GoogleSearchMemory	Пам'ять оперативна
https://informatica.com.ua/product/4gb-ddr3-1600-2rx8-elpida-ebj41uf8bdu0-gn-f/?utm_source=google&utm_medium=cpc&utm_campaign=GoogleSearchMemory	Пам'ять оперативна
https://informatica.com.ua/product/4gb-ddr3l-1600-1rx8-micron-mt8ktf51264hz-1g6e2/?utm_source=google&utm_medium=cpc&utm_campaign=GoogleSearchMemory	Пам'ять оперативна
https://informatica.com.ua/product/4gb-ddr3l-1600-1rx8-kingston-hp687515-h66-mcn-450grn/?utm_source=google&utm_medium=cpc&utm_campaign=GoogleSearchMemory	Пам'ять оперативна
https://informatica.com.ua/product/4gb-ddr3l-1600-1rx8-kingston-acr16d3ls1kbgr4g-450grn/?utm_source=google&utm_medium=cpc&utm_campaign=GoogleSearchMemory	Пам'ять оперативна
https://informatica.com.ua/product/4gb-ddr3-1600-2rx8-elpida-ebj41uf8bdw0-gn-f/?utm_source=google&utm_medium=cpc&utm_campaign=GoogleSearchMemory	Пам'ять оперативна
https://informatica.com.ua/product/8gb-ddr4-2666-1rx8-ramaxel-rmua5110mh78haf-2666-chipy-micr/?utm_source=google&utm_medium=cpc&utm_campaign=GoogleSearchMemory	Пам'ять оперативна
https://informatica.com.ua/product/8gb-ddr4-2666-1rx8-hynix-hma81gs6djr8n-vk-n0/?utm_source=google&utm_medium=cpc&utm_campaign=GoogleSearchMemory	Пам'ять оперативна
https://informatica.com.ua/product/ddr4-2400-8-gb/?utm_source=google&utm_medium=cpc&utm_campaign=GoogleSearchMemory	Пам'ять оперативна
https://informatica.com.ua/product/ddr3-2-gb-1600/?utm_source=google&utm_medium=cpc&utm_campaign=GoogleSearchMemory	Пам'ять оперативна
https://informatica.com.ua/product/4gb-ddr3l-1600-1rx8-ramaxel-rmt3170me68f9f-1600/?utm_source=google&utm_medium=cpc&utm_campaign=GoogleSearchMemory	Пам'ять оперативна
https://informatica.com.ua/product/4gb-ddr3-1333-2rx8-elpida-ebj41uf8bcs0-dj-f-450grn-est-2/?utm_source=google&utm_medium=cpc&utm_campaign=GoogleSearchMemory	Пам'ять оперативна
https://informatica.com.ua/product/8gb-ddr4-2666-2rx8-samsung-m378a1g43tb1-ctd/?utm_source=google&utm_medium=cpc&utm_campaign=GoogleSearchMemory	Пам'ять оперативна
https://informatica.com.ua/product/8gb-ddr4-2666-1rx8-ramaxel-rmsa3260me78haf-2666-novye-99/?utm_source=google&utm_medium=cpc&utm_campaign=GoogleSearchMemory	Пам'ять оперативна
https://informatica.com.ua/product/4gb-ddr4-2666-1rx16-micron-mta4atf51264hz-2g6e1/?utm_source=google&utm_medium=cpc&utm_campaign=GoogleSearchMemory	Пам'ять оперативна
https://informatica.com.ua/product/4gb-ddr4-2666-1rx16-micron-mta4atf51264az-2g6e1/?utm_source=google&utm_medium=cpc&utm_campaign=GoogleSearchMemory	Пам'ять оперативна
https://informatica.com.ua/product/4gb-ddr4-2666-1rx16-hynix-hma851u6jjr6n-vk/?utm_source=google&utm_medium=cpc&utm_campaign=GoogleSearchMemory	Пам'ять оперативна
https://informatica.com.ua/product/modul-pamyati-dlya-komputera-ddr4-8gb-2666-mhz-patriot-psd/?utm_source=google&utm_medium=cpc&utm_campaign=GoogleSearchMemory	Пам'ять оперативна
https://informatica.com.ua/product/gskill-4-gb-so-dimm-ddr3-1066-mhz-f3-8500cl7s-4gbsq/?utm_source=google&utm_medium=cpc&utm_campaign=GoogleSearchMemory	Пам'ять оперативна
https://informatica.com.ua/product/micron-4-gb-ddr3-1066-mhz-mt16jss51264hz-1g1a1/?utm_source=google&utm_medium=cpc&utm_campaign=GoogleSearchMemory	Пам'ять оперативна
https://informatica.com.ua/product/4gb-ddr3-1333-2rx8-gskill-f3-10600cl9s-4gbsq/?utm_source=google&utm_medium=cpc&utm_campaign=GoogleSearchMemory	Пам'ять оперативна
https://informatica.com.ua/product/4gb-ddr3-1333-2rx8-owc-owc1333ddr3s4gb/?utm_source=google&utm_medium=cpc&utm_campaign=GoogleSearchMemory	Пам'ять оперативна
https://informatica.com.ua/product/4gb-ddr3-1333-2rx8-gskill-f3-10600cl9d-8gbnt/?utm_source=google&utm_medium=cpc&utm_campaign=GoogleSearchMemory	Пам'ять оперативна
https://informatica.com.ua/product/8gb-ddr4-2133-1rx8-kingston-kvr21n15s88-990grn-est-2sht/?utm_source=google&utm_medium=cpc&utm_campaign=GoogleSearchMemory	Пам'ять оперативна
https://informatica.com.ua/product/8gb-ddr4-2400-1rx8-kingston-hp24d4u7s8mbp-8/?utm_source=google&utm_medium=cpc&utm_campaign=GoogleSearchMemory	Пам'ять оперативна
https://informatica.com.ua/product/4gb-ddr3-1333-2rx8-crucial-ct51264ba1339/?utm_source=google&utm_medium=cpc&utm_campaign=GoogleSearchMemory	Пам'ять оперативна
https://informatica.com.ua/product/ct102464bf1339mm16fn/?utm_source=google&utm_medium=cpc&utm_campaign=GoogleSearchMemory	Пам'ять оперативна
https://informatica.com.ua/product/2gb-ddr3-1600-1rx8-elpida-ebj20uf8bdu0-gn-f/?utm_source=google&utm_medium=cpc&utm_campaign=GoogleSearchMemory	Пам'ять оперативна
https://informatica.com.ua/product/2gb-ddr3-1333-1rx8-ramaxel-rmt1950md58e8f-1333/?utm_source=google&utm_medium=cpc&utm_campaign=GoogleSearchMemory	Пам'ять оперативна
https://informatica.com.ua/product/2gb-ddr3-1066-2rx8-elpida-ebj21ue8bds0-ae-f/?utm_source=google&utm_medium=cpc&utm_campaign=GoogleSearchMemory	Пам'ять оперативна
https://informatica.com.ua/product/4gb-ddr3-1333-1rx8-kingston-kcp313ss84/?utm_source=google&utm_medium=cpc&utm_campaign=GoogleSearchMemory	Пам'ять оперативна
https://informatica.com.ua/product/4gb-ddr3-1333-2rx8-corsair-cms04gx3m1a1333c9/?utm_source=google&utm_medium=cpc&utm_campaign=GoogleSearchMemory	Пам'ять оперативна
https://informatica.com.ua/product/4gb-ddr3-1066-2rx8-corsair-cm3x8gsdkit1066-400grn/?utm_source=google&utm_medium=cpc&utm_campaign=GoogleSearchMemory	Пам'ять оперативна
https://informatica.com.ua/product/4gb-ddr3-1066-2rx8-crucial-ct51264bf106716fr-micron-mt16js/?utm_source=google&utm_medium=cpc&utm_campaign=GoogleSearchMemory	Пам'ять оперативна
https://informatica.com.ua/product/4gb-ddr4-2666-1rx16-hynix-hma851s6cjr8n-vk-n0/?utm_source=google&utm_medium=cpc&utm_campaign=GoogleSearchMemory	Пам'ять оперативна
https://informatica.com.ua/product/8gb-ddr4-2400-1rx8-adata-ao1p24hc8t1-bqxs/?utm_source=google&utm_medium=cpc&utm_campaign=GoogleSearchMemory	Пам'ять оперативна
https://informatica.com.ua/product/4gb-ddr4-2400-1rx16-ramaxel-rmsa3270mb86h9f-2400/?utm_source=google&utm_medium=cpc&utm_campaign=GoogleSearchMemory	Пам'ять оперативна
https://informatica.com.ua/product/4gb-ddr3l-1600-1rx8-micron-mt8ktf51264hz-1g6p1/?utm_source=google&utm_medium=cpc&utm_campaign=GoogleSearchMemory	Пам'ять оперативна
https://informatica.com.ua/product/16gb-ddr4-2133-2rx8-crucial-ct16g4sfd8213-c16fbr1-novye/?utm_source=google&utm_medium=cpc&utm_campaign=GoogleSearchMemory	Пам'ять оперативна
https://informatica.com.ua/product/8gb-ddr4-2400-1rx8-kingston-kmkyf9-hya-novaya-990grn/?utm_source=google&utm_medium=cpc&utm_campaign=GoogleSearchMemory	Пам'ять оперативна
https://informatica.com.ua/product/8gb-ddr4-3200-1rx8-hynix-hma81gs6djr8n-xn-n0-1200grn-est/?utm_source=google&utm_medium=cpc&utm_campaign=GoogleSearchMemory	Пам'ять оперативна
https://informatica.com.ua/product/hma82gs6djr8n-vk/?utm_source=google&utm_medium=cpc&utm_campaign=GoogleSearchMemory	Пам'ять оперативна
https://informatica.com.ua/product/8gb-ddr4-2400-1rx8-kingston-acr24d4s7s8mb-8-990grn/?utm_source=google&utm_medium=cpc&utm_campaign=GoogleSearchMemory	Пам'ять оперативна
https://informatica.com.ua/product/8gb-ddr4-2666-1rx8-kingston-hp26d4u9s8me-8-chipy-micron-e/?utm_source=google&utm_medium=cpc&utm_campaign=GoogleSearchMemory	Пам'ять оперативна
https://informatica.com.ua/product/4gb-ddr3-1333-2rx8-transcend-jm1333kln-4g-400grn-est-2sh/?utm_source=google&utm_medium=cpc&utm_campaign=GoogleSearchMemory	Пам'ять оперативна
https://informatica.com.ua/product/2gb-ddr3-1066-2rx8-nanya-nt2gc64b8hc0ns-be/?utm_source=google&utm_medium=cpc&utm_campaign=GoogleSearchMemory	Пам'ять оперативна
https://informatica.com.ua/product/2gb-ddr3-1333-1rx8-adata-ad73i1b0873ev-150grn/?utm_source=google&utm_medium=cpc&utm_campaign=GoogleSearchMemory	Пам'ять оперативна
https://informatica.com.ua/product/dimm-8gb-ddr3l-1600mhz-kingston-kcp3l16nd88/?utm_source=google&utm_medium=cpc&utm_campaign=GoogleSearchMemory	Пам'ять оперативна
https://informatica.com.ua/product/hx426s15ib28/?utm_source=google&utm_medium=cpc&utm_campaign=GoogleSearchMemory	Пам'ять оперативна
https://informatica.com.ua/product/hma851s6djr6n-xn/?utm_source=google&utm_medium=cpc&utm_campaign=GoogleSearchMemory	Пам'ять оперативна
https://informatica.com.ua/product/mta16atf2g64hz-2g3h1/?utm_source=google&utm_medium=cpc&utm_campaign=GoogleSearchMemory	Пам'ять оперативна
https://informatica.com.ua/product/16gb-ddr4-2666-2rx8-kingston-acr26d4s9d8md-16/?utm_source=google&utm_medium=cpc&utm_campaign=GoogleSearchMemory	Пам'ять оперативна
https://informatica.com.ua/product/2gb-ddr3-1066-2rx8-hynix-hmt125s6bfr8c-g7/?utm_source=google&utm_medium=cpc&utm_campaign=GoogleSearchMemory	Пам'ять оперативна
https://informatica.com.ua/product/mta8atf1g64hz-3g2j1/?utm_source=google&utm_medium=cpc&utm_campaign=GoogleSearchMemory	Пам'ять оперативна
https://informatica.com.ua/product/d4ss1g082sh24a-b-dsl/?utm_source=google&utm_medium=cpc&utm_campaign=GoogleSearchMemory	Пам'ять оперативна
https://informatica.com.ua/product/2gb-ddr3-1333-1rx8-kingston-kv1rx3-hyc/?utm_source=google&utm_medium=cpc&utm_campaign=GoogleSearchMemory	Пам'ять оперативна
https://informatica.com.ua/product/2gb-ddr3-1066-2rx8-elpida-ebj21ue8bdf0-ae-f/?utm_source=google&utm_medium=cpc&utm_campaign=GoogleSearchMemory	Пам'ять оперативна
https://informatica.com.ua/product/2gb-ddr3-1333-2rx8-nanya-nt2gc64b8hc0nf-cg/?utm_source=google&utm_medium=cpc&utm_campaign=GoogleSearchMemory	Пам'ять оперативна
https://informatica.com.ua/product/2gb-ddr3-1333-2rx8-ramaxel-rmt3020ef48e8w-1333/?utm_source=google&utm_medium=cpc&utm_campaign=GoogleSearchMemory	Пам'ять оперативна
https://informatica.com.ua/product/2gb-ddr3-1333-2rx8-kingston-hp594908-hr1-eld/?utm_source=google&utm_medium=cpc&utm_campaign=GoogleSearchMemory	Пам'ять оперативна
https://informatica.com.ua/product/4gb-ddr3l-1600-1rx8-ramaxel-rmr5030ef68f9w-1600/?utm_source=google&utm_medium=cpc&utm_campaign=GoogleSearchMemory	Пам'ять оперативна
https://informatica.com.ua/product/4gb-ddr3-1600-2rx8-elpida-ebj41uf8bdu5-gn-f/?utm_source=google&utm_medium=cpc&utm_campaign=GoogleSearchMemory	Пам'ять оперативна
https://informatica.com.ua/product/4gb-ddr3-1333-2rx8-nanya-nt4gc64b8hg0nf-cg/?utm_source=google&utm_medium=cpc&utm_campaign=GoogleSearchMemory	Пам'ять оперативна
https://informatica.com.ua/product/2gb-ddr3-1333-1rx8-kingston-acr256x64d3s13c9g/?utm_source=google&utm_medium=cpc&utm_campaign=GoogleSearchMemory	Пам'ять оперативна
https://informatica.com.ua/product/2gb-ddr3-1333-1rx8-nanya-nt2gc64b88b0ns-cg/?utm_source=google&utm_medium=cpc&utm_campaign=GoogleSearchMemory	Пам'ять оперативна
https://informatica.com.ua/product/mta16atf2g64hz-2g3e1/?utm_source=google&utm_medium=cpc&utm_campaign=GoogleSearchMemory	Пам'ять оперативна
https://informatica.com.ua/product/4gb-ddr3-1600-1rx8-kingston-k531r8-etb/?utm_source=google&utm_medium=cpc&utm_campaign=GoogleSearchMemory	Пам'ять оперативна
https://informatica.com.ua/product/2gb-ddr3-1333-1rx8-elpida-ebj20uf8bcs0-dj-f/?utm_source=google&utm_medium=cpc&utm_campaign=GoogleSearchMemory	Пам'ять оперативна
https://informatica.com.ua/product/2gb-ddr3-1333-2rx8-elpida-ebj21ue8bfu0-dj-f/?utm_source=google&utm_medium=cpc&utm_campaign=GoogleSearchMemory	Пам'ять оперативна
https://informatica.com.ua/product/4gb-ddr3-1333-2rx8-micron-mt16jtf51264az-1g4h1/?utm_source=google&utm_medium=cpc&utm_campaign=GoogleSearchMemory	Пам'ять оперативна
https://informatica.com.ua/product/transcend-jetram-ddr3-1600-8192mb-pc3-12800-jm1600klh-8g/?utm_source=google&utm_medium=cpc&utm_campaign=GoogleSearchMemory	Пам'ять оперативна
https://informatica.com.ua/product/2gb-ddr3-1333-2rx8-hynix-hmt125s6tfr8c-g7/?utm_source=google&utm_medium=cpc&utm_campaign=GoogleSearchMemory	Пам'ять оперативна
https://informatica.com.ua/product/4gb-ddr3l-1600-1rx8-micron-mt8ktf51264az-1g6e1/?utm_source=google&utm_medium=cpc&utm_campaign=GoogleSearchMemory	Пам'ять оперативна
https://informatica.com.ua/product/4gb-ddr3l-1333-2rx8-hynix-hmt351s6cfr8a-h9/?utm_source=google&utm_medium=cpc&utm_campaign=GoogleSearchMemory	Пам'ять оперативна
https://informatica.com.ua/product/16gb-ddr4-2666-2rx8-micron-mta16atf2g64hz-2g6e1/?utm_source=google&utm_medium=cpc&utm_campaign=GoogleSearchMemory	Пам'ять оперативна
https://informatica.com.ua/product/2gb-ddr3-1333-1rx8-crucial-ct25664bc1339/?utm_source=google&utm_medium=cpc&utm_campaign=GoogleSearchMemory	Пам'ять оперативна
https://informatica.com.ua/product/2gb-ddr3l-1600-1rx8-micron-mt8ktf25664hz-1g6m1/?utm_source=google&utm_medium=cpc&utm_campaign=GoogleSearchMemory	Пам'ять оперативна
https://informatica.com.ua/product/4gb-ddr3-1600-1rx8-kingston-kth-x3cs4g/?utm_source=google&utm_medium=cpc&utm_campaign=GoogleSearchMemory	Різне
https://informatica.com.ua/product/kcp424sd816/?utm_source=google&utm_medium=cpc&utm_campaign=GoogleSearchMemory	Пам'ять оперативна
https://informatica.com.ua/product/8gb-ddr3l-1600-2rx8-ramaxel-rmr5040me68faf-1600/?utm_source=google&utm_medium=cpc&utm_campaign=GoogleSearchMemory	Пам'ять оперативна
https://informatica.com.ua/product/8gb-ddr3-1600-2rx8-kingston-ktl-tc3168g/?utm_source=google&utm_medium=cpc&utm_campaign=GoogleSearchMemory	Пам'ять оперативна
https://informatica.com.ua/product/8gb-ddr3l-1600-2rx8-kingston-kn2m64-etb/?utm_source=google&utm_medium=cpc&utm_campaign=GoogleSearchMemory	Пам'ять оперативна
https://informatica.com.ua/product/8gb-ddr3l-1600-2rx8-kingston-hp698657-154-keb/?utm_source=google&utm_medium=cpc&utm_campaign=GoogleSearchMemory	Пам'ять оперативна
https://informatica.com.ua/product/8gb-ddr3l-1866-2rx8-micron-mt16ktf1g64az-1g9p1/?utm_source=google&utm_medium=cpc&utm_campaign=GoogleSearchMemory	Пам'ять оперативна
https://informatica.com.ua/product/16gb-ddr4-2666-2rx8-samsung-m471a2k43db1-ctd/?utm_source=google&utm_medium=cpc&utm_campaign=GoogleSearchMemory	Пам'ять оперативна
https://informatica.com.ua/product/8gb-ddr3l-1600-2rx8-nanya-nt8gc64c8hb0ns-di/?utm_source=google&utm_medium=cpc&utm_campaign=GoogleSearchMemory	Пам'ять оперативна
https://informatica.com.ua/product/sodimm-16gb-ddr4-2666mhz-pc4-21300-transcend-jm2666hsb-16g/?utm_source=google&utm_medium=cpc&utm_campaign=GoogleSearchMemory	Пам'ять оперативна
https://informatica.com.ua/product/dimm-16gb-ddr4-2666mhz-pc4-21300-transcend-jm2666hlb-16g/?utm_source=google&utm_medium=cpc&utm_campaign=GoogleSearchMemory	Пам'ять оперативна
https://informatica.com.ua/product/8gb-ddr3-1333-2rx8-samsung-m471b1g73bh0-ch9/?utm_source=google&utm_medium=cpc&utm_campaign=GoogleSearchMemory	Пам'ять оперативна
https://informatica.com.ua/product/8gb-ddr4-2400-1rx8-kingston-kmkyf9-mid/?utm_source=google&utm_medium=cpc&utm_campaign=GoogleSearchMemory	Пам'ять оперативна
https://informatica.com.ua/product/4gb-ddr3-1333-2rx8-nanya-nt4gc64b8hb0ns-cg/?utm_source=google&utm_medium=cpc&utm_campaign=GoogleSearchMemory	Пам'ять оперативна
https://informatica.com.ua/product/8gb-ddr4-2666-1rx8-kingston-hp26d4s9s8mhf-8/?utm_source=google&utm_medium=cpc&utm_campaign=GoogleSearchMemory	Пам'ять оперативна
https://informatica.com.ua/product/16gb-ddr4-2133-2rx8-hynix-hma82gs6mfr8n-uh-n0/?utm_source=google&utm_medium=cpc&utm_campaign=GoogleSearchMemory	Пам'ять оперативна
https://informatica.com.ua/product/8gb-ddr4-2400-1rx8-ramaxel-rmsa3260na78haf-2400/?utm_source=google&utm_medium=cpc&utm_campaign=GoogleSearchMemory	Пам'ять оперативна
https://informatica.com.ua/product/2gb-ddr3-1333-2rx8-elpida-ebj21ue8bds0-dj-f/?utm_source=google&utm_medium=cpc&utm_campaign=GoogleSearchMemory	Пам'ять оперативна
https://informatica.com.ua/product/2gb-ddr3-1333-2rx8-micron-mt16jsf25664hz-1g4g1/?utm_source=google&utm_medium=cpc&utm_campaign=GoogleSearchMemory	Пам'ять оперативна
https://informatica.com.ua/product/2gb-ddr3-1333-2rx8-elpida-ebj21ue8bdf0-dj-f/?utm_source=google&utm_medium=cpc&utm_campaign=GoogleSearchMemory	Пам'ять оперативна
https://informatica.com.ua/product/8gb-ddr4-2400-1rx8-kingston-hp24d4s7s8mbp-8/?utm_source=google&utm_medium=cpc&utm_campaign=GoogleSearchMemory	Пам'ять оперативна
https://informatica.com.ua/product/hma82gs6cjr8n-vk/?utm_source=google&utm_medium=cpc&utm_campaign=GoogleSearchMemory	Пам'ять оперативна
https://informatica.com.ua/product/hmt41gs6mfr8c-h9/?utm_source=google&utm_medium=cpc&utm_campaign=GoogleSearchMemory	Пам'ять оперативна
https://informatica.com.ua/product/4gb-ddr4-2666-1rx16-kingston-hp26d4u9s1me-4-chipy-micron/?utm_source=google&utm_medium=cpc&utm_campaign=GoogleSearchMemory	Пам'ять оперативна
https://informatica.com.ua/product/sodimm-4gb-ddr4-2666mhz-pc4-21300-hynix-hma851s6jjr6n-vk/?utm_source=google&utm_medium=cpc&utm_campaign=GoogleSearchMemory	Пам'ять оперативна
https://informatica.com.ua/product/mta16atf2g64hz-2g3b1/?utm_source=google&utm_medium=cpc&utm_campaign=GoogleSearchMemory	Пам'ять оперативна
https://informatica.com.ua/product/16gb-ddr4-2133-2rx8-hynix-hma82gu6mfr8n-tf-est-4/?utm_source=google&utm_medium=cpc&utm_campaign=GoogleSearchMemory	Пам'ять оперативна
https://informatica.com.ua/product/16gb-ddr4-2133-2rx8-hynix-hma82gu6mfr8n-tf-est-4/?utm_source=google&utm_medium=cpc&utm_campaign=GoogleSearchMemory	Пам'ять оперативна
https://informatica.com.ua/product/16gb-ddr4-2400-2rx8-samsung-m378a2k43cb1-crc/?utm_source=google&utm_medium=cpc&utm_campaign=GoogleSearchMemory	Пам'ять оперативна
https://informatica.com.ua/product/8gb-ddr4-2666-1rx8-hynix-hma81gs6cjr8n-vk-n0/?utm_source=google&utm_medium=cpc&utm_campaign=GoogleSearchMemory	Пам'ять оперативна
https://informatica.com.ua/product/8gb-ddr4-2400-2rx8-crucial-ct8g4sfd824ac16ff/?utm_source=google&utm_medium=cpc&utm_campaign=GoogleSearchMemory	Пам'ять оперативна
https://informatica.com.ua/product/kcp424ss64/?utm_source=google&utm_medium=cpc&utm_campaign=GoogleSearchMemory	Пам'ять оперативна
https://informatica.com.ua/product/8gb-ddr4-2666-1rx8-micron-mta8atf1g64hz-2g6d1/?utm_source=google&utm_medium=cpc&utm_campaign=GoogleSearchMemory	Пам'ять оперативна
https://informatica.com.ua/product/hmt425s6afr8c-pb/?utm_source=google&utm_medium=cpc&utm_campaign=GoogleSearchMemory	Пам'ять оперативна
https://informatica.com.ua/product/hma82gs6jjr8n-vk/?utm_source=google&utm_medium=cpc&utm_campaign=GoogleSearchMemory	Пам'ять оперативна
https://informatica.com.ua/product/modul-pamyati-dlya-komputera-ddr4-4gb-2666-mhz-kingston-kc/?utm_source=google&utm_medium=cpc&utm_campaign=GoogleSearchMemory	Пам'ять оперативна
https://informatica.com.ua/product/hma81gs6cjr8n-uh/?utm_source=google&utm_medium=cpc&utm_campaign=GoogleSearchMemory	Пам'ять оперативна
https://informatica.com.ua/product/8gb-ddr4-2400-1rx8-micron-mta8atf1g64hz-2g3h1/?utm_source=google&utm_medium=cpc&utm_campaign=GoogleSearchMemory	Пам'ять оперативна
https://informatica.com.ua/product/hma82gs6mfr8n-tf/?utm_source=google&utm_medium=cpc&utm_campaign=GoogleSearchMemory	Пам'ять оперативна
https://informatica.com.ua/product/8gb-ddr4-2400-1rx8-micron-mta8atf1g64hz-2g3e1/?utm_source=google&utm_medium=cpc&utm_campaign=GoogleSearchMemory	Пам'ять оперативна
https://informatica.com.ua/product/8gb-ddr4-2133-2rx8-micron-mta16atf1g64hz-2g1a2/?utm_source=google&utm_medium=cpc&utm_campaign=GoogleSearchMemory	Пам'ять оперативна
https://informatica.com.ua/product/8gb-ddr4-2666-1rx8-kingston-hp26d4u9s8md-8-chipy-micron-e/?utm_source=google&utm_medium=cpc&utm_campaign=GoogleSearchMemory	Пам'ять оперативна
https://informatica.com.ua/product/8gb-ddr4-2666-1rx8-kingston-kcp426ss88/?utm_source=google&utm_medium=cpc&utm_campaign=GoogleSearchMemory	Пам'ять оперативна
https://informatica.com.ua/product/4gb-ddr3-1333-2rx8-micron-mt16jtf51264az-1g6m1/?utm_source=google&utm_medium=cpc&utm_campaign=GoogleSearchMemory	Пам'ять оперативна
https://informatica.com.ua/product/8gb-ddr3l-1600-2rx8-kingston-kvr648-psb/?utm_source=google&utm_medium=cpc&utm_campaign=GoogleSearchMemory	Пам'ять оперативна
https://informatica.com.ua/product/2gb-ddr3-1333-2rx8-kingston-sny1333d3s9dr82g/?utm_source=google&utm_medium=cpc&utm_campaign=GoogleSearchMemory	Пам'ять оперативна
https://informatica.com.ua/product/2gb-ddr3-1333-2rx8-kingston-acr256x64d3s1333c9/?utm_source=google&utm_medium=cpc&utm_campaign=GoogleSearchMemory	Пам'ять оперативна
https://informatica.com.ua/product/2gb-ddr3-1333-2rx8-kingston-kf073f-eld/?utm_source=google&utm_medium=cpc&utm_campaign=GoogleSearchMemory	Пам'ять оперативна
https://informatica.com.ua/product/hmt351s6afr8c-g7/?utm_source=google&utm_medium=cpc&utm_campaign=GoogleSearchMemory	Пам'ять оперативна
https://informatica.com.ua/product/8gb-ddr4-2400-1rx8-micron-mta8atf1g64az-2g3b1/?utm_source=google&utm_medium=cpc&utm_campaign=GoogleSearchMemory	Пам'ять оперативна
https://informatica.com.ua/product/hmt451s6dfr8a-pb/?utm_source=google&utm_medium=cpc&utm_campaign=GoogleSearchMemory	Пам'ять оперативна
https://informatica.com.ua/product/8gb-ddr4-2400-1rx8-micron-e-die-mta8atf1g64az-2g3e1-900g/?utm_source=google&utm_medium=cpc&utm_campaign=GoogleSearchMemory	Пам'ять оперативна
https://informatica.com.ua/product/8gb-ddr4-2133-2rx8-kingston-ktd3kx-mib/?utm_source=google&utm_medium=cpc&utm_campaign=GoogleSearchMemory	Пам'ять оперативна
https://informatica.com.ua/product/8gb-ddr4-2133-2rx8-micron-mta16atf1g64hz-2g1b1/?utm_source=google&utm_medium=cpc&utm_campaign=GoogleSearchMemory	Пам'ять оперативна
https://informatica.com.ua/product/dimm-2gb-ddr3-1333mhz-kingston-kth9600b2g/?utm_source=google&utm_medium=cpc&utm_campaign=GoogleSearchMemory	Пам'ять оперативна
https://informatica.com.ua/product/4gb-ddr4-2133-1rx8-micron-mta8atf51264hz-2g1b1/?utm_source=google&utm_medium=cpc&utm_campaign=GoogleSearchMemory	Пам'ять оперативна
https://informatica.com.ua/product/4gb-ddr3-1600-1rx8-hynix-hmt451s6bfr8c-pb/?utm_source=google&utm_medium=cpc&utm_campaign=GoogleSearchMemory	Пам'ять оперативна
https://informatica.com.ua/product/modul-pamyati-dlya-noutbuka-sodimm-ddr4-16gb-2666-mhz-sams/?utm_source=google&utm_medium=cpc&utm_campaign=GoogleSearchMemory	Пам'ять оперативна
https://informatica.com.ua/product/modul-pamyati-dlya-noutbuka-sodimm-ddr4-8gb-2666-mhz-micro/?utm_source=google&utm_medium=cpc&utm_campaign=GoogleSearchMemory	Пам'ять оперативна
https://informatica.com.ua/product/4gb-ddr3-1333-1rx8-kingston-kth-x3bs4g/?utm_source=google&utm_medium=cpc&utm_campaign=GoogleSearchMemory	Пам'ять оперативна
https://informatica.com.ua/product/4gb-ddr3l-1600-1rx8-micron-mt8ktf51264hz-1g6n1/?utm_source=google&utm_medium=cpc&utm_campaign=GoogleSearchMemory	Пам'ять оперативна
https://informatica.com.ua/product/8gb-ddr3l-1600-2rx8-kingston-kth-x3cl8g/?utm_source=google&utm_medium=cpc&utm_campaign=GoogleSearchMemory	Пам'ять оперативна
https://informatica.com.ua/product/4gb-ddr3l-1600-1rx8-hynix-hmt451u6bfr8a-pb/?utm_source=google&utm_medium=cpc&utm_campaign=GoogleSearchMemory	Пам'ять оперативна
https://informatica.com.ua/product/operativnaya-pamyat-dlya-noutbuka-sodimm-ddr2-2gb-667mhz-p/?utm_source=google&utm_medium=cpc&utm_campaign=GoogleSearchMemory	Пам'ять оперативна
https://informatica.com.ua/product/4gb-ddr3-1600-1rx8-micron-mt8jtf51264az-1g6e1/?utm_source=google&utm_medium=cpc&utm_campaign=GoogleSearchMemory	Пам'ять оперативна
https://informatica.com.ua/product/8gb-ddr4-2666-1rx8-hynix-hma81gu6jjr8n-vk/?utm_source=google&utm_medium=cpc&utm_campaign=GoogleSearchMemory	Пам'ять оперативна
https://informatica.com.ua/product/ct16g4sfd8266/?utm_source=google&utm_medium=cpc&utm_campaign=GoogleSearchMemory	Пам'ять оперативна
https://informatica.com.ua/product/2x4gb-ddr3l-1333-2rx8-crucial-ct4g3s1339my16f-mac-memory/?utm_source=google&utm_medium=cpc&utm_campaign=GoogleSearchMemory	Пам'ять оперативна
https://informatica.com.ua/product/8gb-ddr4-2133-1rx8-kingston-kcp421ns88/?utm_source=google&utm_medium=cpc&utm_campaign=GoogleSearchMemory	Пам'ять оперативна
https://informatica.com.ua/product/4gb-ddr3l-1600-1rx8-kingston-knwmx1-etb/?utm_source=google&utm_medium=cpc&utm_campaign=GoogleSearchMemory	Пам'ять оперативна
https://informatica.com.ua/product/8gb-ddr3l-1600-2rx8-timetec-75tt16nul2r8-8g/?utm_source=google&utm_medium=cpc&utm_campaign=GoogleSearchMemory	Пам'ять оперативна
https://informatica.com.ua/product/2x2gb-ddr3l-1600-1rx16-kingston-acr16d3lfs1kbg2g/?utm_source=google&utm_medium=cpc&utm_campaign=GoogleSearchMemory	Пам'ять оперативна
https://informatica.com.ua/product/2gb-ddr3-1066-2rx8-samsung-m378b5673fh0-cf8/?utm_source=google&utm_medium=cpc&utm_campaign=GoogleSearchMemory	Пам'ять оперативна
https://informatica.com.ua/product/2gb-ddr3-1333-2rx8-kingston-kp223c-eld/?utm_source=google&utm_medium=cpc&utm_campaign=GoogleSearchMemory	Пам'ять оперативна
https://informatica.com.ua/product/8gb-ddr4-2666-1rx8-hynix-hma81gs6jjr8n-vk/?utm_source=google&utm_medium=cpc&utm_campaign=GoogleSearchMemory	Пам'ять оперативна
https://informatica.com.ua/product/4gb-ddr3l-1600-1rx8-elpida-ebj40ug8efu0-gn-f/?utm_source=google&utm_medium=cpc&utm_campaign=GoogleSearchMemory	Пам'ять оперативна
https://informatica.com.ua/product/4gb-ddr3-1333-2rx8-micron-mt16jtf51264az-1g4m1/?utm_source=google&utm_medium=cpc&utm_campaign=GoogleSearchMemory	Пам'ять оперативна
https://informatica.com.ua/product/4gb-ddr3-1066-2rx8-hynix-hmt351s6bfr8c-g7/?utm_source=google&utm_medium=cpc&utm_campaign=GoogleSearchMemory	Пам'ять оперативна
https://informatica.com.ua/product/2gb-ddr3-1600-1rx8-hynix-hmt325s6efr8c-pb/?utm_source=google&utm_medium=cpc&utm_campaign=GoogleSearchMemory	Пам'ять оперативна
https://informatica.com.ua/product/2gb-ddr3-1333-1rx8-micron-mt8jsf25664hz-1g4d1/?utm_source=google&utm_medium=cpc&utm_campaign=GoogleSearchMemory	Пам'ять оперативна
https://informatica.com.ua/product/4gb-ddr3l-1600-2rx8-micron-mt16ktf51264hz-1g6k1/?utm_source=google&utm_medium=cpc&utm_campaign=GoogleSearchMemory	Пам'ять оперативна
https://informatica.com.ua/product/operativnaya-pamyat-dlya-noutbuka-sodimm-ddr2-2gb-667mhz-c/?utm_source=google&utm_medium=cpc&utm_campaign=GoogleSearchMemory	Пам'ять оперативна
https://informatica.com.ua/product/8gb-ddr4-2666-1rx8-micron-mta8atf1g64hz-2g6h1/?utm_source=google&utm_medium=cpc&utm_campaign=GoogleSearchMemory	Пам'ять оперативна
https://informatica.com.ua/product/4gb-ddr3-1600-2rx8-kingston-kfyhv1-hyc/?utm_source=google&utm_medium=cpc&utm_campaign=GoogleSearchMemory	Пам'ять оперативна
https://informatica.com.ua/product/8gb-ddr4-2666-1rx8-micron-mta8atf1g64hz-2g6e1/?utm_source=google&utm_medium=cpc&utm_campaign=GoogleSearchMemory	Пам'ять оперативна
https://informatica.com.ua/product/8gb-ddr3l-1600-2rx8-micron-mt16ktf1g64az-1g6e1/?utm_source=google&utm_medium=cpc&utm_campaign=GoogleSearchMemory	Пам'ять оперативна
https://informatica.com.ua/product/4gb-ddr3l-1600-2rx8-micron-mt16ktf51264hz-1g6m1/?utm_source=google&utm_medium=cpc&utm_campaign=GoogleSearchMemory	Пам'ять оперативна
https://informatica.com.ua/product/8gb-ddr3-1600-2rx8-hynix-hmt41gs6afr8c-pb/?utm_source=google&utm_medium=cpc&utm_campaign=GoogleSearchMemory	Пам'ять оперативна
https://informatica.com.ua/product/8gb-ddr3l-1600-2rx8-hynix-hmt41gu6afr8a-pb/?utm_source=google&utm_medium=cpc&utm_campaign=GoogleSearchMemory	Пам'ять оперативна
https://informatica.com.ua/product/4gb-ddr3-1600-1rx8-ramaxel-rmt3170eb68f9w-1600/?utm_source=google&utm_medium=cpc&utm_campaign=GoogleSearchMemory	Пам'ять оперативна
https://informatica.com.ua/product/8gb-ddr3-1600-2rx8-micron-mt16jtf1g64az-1g6e1/?utm_source=google&utm_medium=cpc&utm_campaign=GoogleSearchMemory	Пам'ять оперативна
https://informatica.com.ua/product/8gb-ddr4-2666-1rx8-micron-e-die-mta16atf1g64az-2g6e1-850/?utm_source=google&utm_medium=cpc&utm_campaign=GoogleSearchMemory	Пам'ять оперативна
https://informatica.com.ua/product/8gb-ddr3l-1600-2rx8-micron-mt16ktf1g64hz-1g6n1/?utm_source=google&utm_medium=cpc&utm_campaign=GoogleSearchMemory	Пам'ять оперативна
https://informatica.com.ua/product/8gb-ddr3l-1600-2rx8-micron-mt16ktf1g64az-1g6p1/?utm_source=google&utm_medium=cpc&utm_campaign=GoogleSearchMemory	Пам'ять оперативна
https://informatica.com.ua/product/8gb-ddr3-1600-2rx8-samsung-m378b1g73qh0-ck0/?utm_source=google&utm_medium=cpc&utm_campaign=GoogleSearchMemory	Пам'ять оперативна
https://informatica.com.ua/product/8gb-ddr3-1600-2rx8-hynix-hmt41gu6bfr8c-pb/?utm_source=google&utm_medium=cpc&utm_campaign=GoogleSearchMemory	Пам'ять оперативна
https://informatica.com.ua/product/4gb-ddr3-1866-2rx8-kingston-x7c75g-hyc-xmp-chipy-hynix-cfr/?utm_source=google&utm_medium=cpc&utm_campaign=GoogleSearchMemory	Пам'ять оперативна
https://informatica.com.ua/product/hma82gs6afr8n-uh/?utm_source=google&utm_medium=cpc&utm_campaign=GoogleSearchMemory	Пам'ять оперативна
https://informatica.com.ua/product/4gb-ddr3-1600-2rx8-nanya-nt4gc64b8hg0nf-di/?utm_source=google&utm_medium=cpc&utm_campaign=GoogleSearchMemory	Пам'ять оперативна
https://informatica.com.ua/product/8gb-ddr3-1600-2rx8-hynix-hmt41gu6mfr8c-pb/?utm_source=google&utm_medium=cpc&utm_campaign=GoogleSearchMemory	Пам'ять оперативна
https://informatica.com.ua/product/4gb-ddr3-1600-1rx8-nanya-nt4gc64b88b1nf-di/?utm_source=google&utm_medium=cpc&utm_campaign=GoogleSearchMemory	Пам'ять оперативна
https://informatica.com.ua/product/4gb-ddr3l-1600-2rx8-samsung-m471b5273eb0-yk0/?utm_source=google&utm_medium=cpc&utm_campaign=GoogleSearchMemory	Пам'ять оперативна
https://informatica.com.ua/product/m471a2k43bb1-cpb/?utm_source=google&utm_medium=cpc&utm_campaign=GoogleSearchMemory	Пам'ять оперативна
https://informatica.com.ua/product/8gb-ddr4-2133-1rx8-samsungb-diem378a1k43bb1-cpb/?utm_source=google&utm_medium=cpc&utm_campaign=GoogleSearchMemory	Пам'ять оперативна
https://informatica.com.ua/product/4gb-ddr4-2400-1rx16-samsung-m378a5244cb0-crc/?utm_source=google&utm_medium=cpc&utm_campaign=GoogleSearchMemory	Пам'ять оперативна
https://informatica.com.ua/product/4gb-ddr4-2133p-1rx8-samsung-m378a5143db0-cpb/?utm_source=google&utm_medium=cpc&utm_campaign=GoogleSearchMemory	Пам'ять оперативна
https://informatica.com.ua/product/4gb-ddr3-1333-2rx8-ramaxel-rmt3020ec58e9f-1333/?utm_source=google&utm_medium=cpc&utm_campaign=GoogleSearchMemory	Пам'ять оперативна
https://informatica.com.ua/product/8gb-ddr4-2666-1rx8-hynix-hma81gu6cjr8n-vk/?utm_source=google&utm_medium=cpc&utm_campaign=GoogleSearchMemory	Пам'ять оперативна
https://informatica.com.ua/product/4gb-ddr3-1333-2rx8-micron-mt16jtf51264hz-1g4m1/?utm_source=google&utm_medium=cpc&utm_campaign=GoogleSearchMemory	Пам'ять оперативна
https://informatica.com.ua/product/8gb-ddr4-2666-1rx8-samsung-m378a1k43cb2-ctd/?utm_source=google&utm_medium=cpc&utm_campaign=GoogleSearchMemory	Пам'ять оперативна
https://informatica.com.ua/product/8gb-ddr4-2400-1rx8-hynix-hma81gu6afr8n-uh/?utm_source=google&utm_medium=cpc&utm_campaign=GoogleSearchMemory	Пам'ять оперативна
https://informatica.com.ua/product/8gb-ddr4-2400-1rx8-micron-mta8atf1g64az-2g3h1/?utm_source=google&utm_medium=cpc&utm_campaign=GoogleSearchMemory	Пам'ять оперативна
https://informatica.com.ua/product/4gb-ddr3-1333-2rx8-crucial-ct51264bf1339m16fmr/?utm_source=google&utm_medium=cpc&utm_campaign=GoogleSearchMemory	Пам'ять оперативна
https://informatica.com.ua/product/8gb-ddr4-2666-1rx8-samsung-m378a1k43db2-ctd/?utm_source=google&utm_medium=cpc&utm_campaign=GoogleSearchMemory	Пам'ять оперативна
https://informatica.com.ua/product/8gb-ddr4-2133-2rx8-micron-mta16atf1g64az-2g1b1/?utm_source=google&utm_medium=cpc&utm_campaign=GoogleSearchMemory	Пам'ять оперативна
https://informatica.com.ua/product/8gb-ddr4-2400-1rx8-samsung-m378a1k43cb2-crc/?utm_source=google&utm_medium=cpc&utm_campaign=GoogleSearchMemory	Пам'ять оперативна
https://informatica.com.ua/product/8gb-ddr3l-1600-2rx8-micron-mt16ktf1g64hz-1g6e1-chipy-d9qbj/?utm_source=google&utm_medium=cpc&utm_campaign=GoogleSearchMemory	Пам'ять оперативна
https://informatica.com.ua/product/8gb-ddr3l-1600-2rx8-hynix-hmt41gu6bfr8a-pb/?utm_source=google&utm_medium=cpc&utm_campaign=GoogleSearchMemory	Пам'ять оперативна
https://informatica.com.ua/product/8gb-ddr4-2133-2rx8-hynix-hma41gu6afr8n-tf/?utm_source=google&utm_medium=cpc&utm_campaign=GoogleSearchMemory	Пам'ять оперативна
https://informatica.com.ua/product/4gb-ddr3-1600-1rx8-hynix-hmt451u6afr8c-pb-razgon-2200mgts/?utm_source=google&utm_medium=cpc&utm_campaign=GoogleSearchMemory	Пам'ять оперативна
https://informatica.com.ua/product/4gb-ddr3l-1600-1rx8-samsung-m378b5173eb0-yk0/?utm_source=google&utm_medium=cpc&utm_campaign=GoogleSearchMemory	Пам'ять оперативна
https://informatica.com.ua/product/4gb-ddr3-1600-2rx8-ramaxel-rmt3160ed58e9w-1600/?utm_source=google&utm_medium=cpc&utm_campaign=GoogleSearchMemory	Пам'ять оперативна
https://informatica.com.ua/product/4gb-ddr3l-1600-1rx8-nanya-nt4gc64c88b1ns-di/?utm_source=google&utm_medium=cpc&utm_campaign=GoogleSearchMemory	Пам'ять оперативна
https://informatica.com.ua/product/4gb-ddr3l-1600-1rx8-ramaxel-rmt3170ef68f9w-1600/?utm_source=google&utm_medium=cpc&utm_campaign=GoogleSearchMemory	Пам'ять оперативна
https://informatica.com.ua/product/4gb-ddr4-2133p-1rx8-samsung-m378a5143eb1-cpb/?utm_source=google&utm_medium=cpc&utm_campaign=GoogleSearchMemory	Пам'ять оперативна
https://informatica.com.ua/product/4gb-ddr3-1600-2rx8-micron-mt16jtf51264hz-1g6m1/?utm_source=google&utm_medium=cpc&utm_campaign=GoogleSearchMemory	Пам'ять оперативна
https://informatica.com.ua/product/m471a2k43cb1-crc/?utm_source=google&utm_medium=cpc&utm_campaign=GoogleSearchMemory	Пам'ять оперативна
https://informatica.com.ua/product/kcp424ss88/?utm_source=google&utm_medium=cpc&utm_campaign=GoogleSearchMemory	Пам'ять оперативна
https://informatica.com.ua/product/kingston-hyperx-ddr4-2400-8192mb-pc4-19200-fury-black-hx42/?utm_source=google&utm_medium=cpc&utm_campaign=GoogleSearchMemory	Пам'ять оперативна
https://informatica.com.ua/product/kingston-hyperx-fury-blue-ddr3-1600-8192mb-pc3-12800-hx316/?utm_source=google&utm_medium=cpc&utm_campaign=GoogleSearchMemory	Пам'ять оперативна
https://informatica.com.ua/product/hma851s6cjr6n-vk/?utm_source=google&utm_medium=cpc&utm_campaign=GoogleSearchMemory	Пам'ять оперативна
https://informatica.com.ua/product/m471a5244cb0-ctd/?utm_source=google&utm_medium=cpc&utm_campaign=GoogleSearchMemory	Пам'ять оперативна
https://informatica.com.ua/product/modul-pamyati-dlya-noutbuka-sodimm-ddr4-16gb-2666-mhz-king/?utm_source=google&utm_medium=cpc&utm_campaign=GoogleSearchMemory	Пам'ять оперативна
https://informatica.com.ua/product/modul-pamyati-dlya-noutbuka-sodimm-ddr4-16gb-2666-mhz-king/?utm_source=google&utm_medium=cpc&utm_campaign=GoogleSearchMemory	Пам'ять оперативна
https://informatica.com.ua/product/modul-pamyati-dlya-komputera-ddr4-16gb-2400-mhz-micron-ct1/?utm_source=google&utm_medium=cpc&utm_campaign=GoogleSearchMemory	Пам'ять оперативна
https://informatica.com.ua/product/modul-pamyati-dlya-komputera-ddr4-4gb-2400-mhz-hynix-hma85/?utm_source=google&utm_medium=cpc&utm_campaign=GoogleSearchMemory	Пам'ять оперативна
https://informatica.com.ua/product/hma451u6afr8n-tf/?utm_source=google&utm_medium=cpc&utm_campaign=GoogleSearchMemory	Пам'ять оперативна
https://informatica.com.ua/product/hma851u6afr6n-uh/?utm_source=google&utm_medium=cpc&utm_campaign=GoogleSearchMemory	Пам'ять оперативна
https://informatica.com.ua/product/m471a1k43db1-ctd/?utm_source=google&utm_medium=cpc&utm_campaign=GoogleSearchMemory	Пам'ять оперативна
https://informatica.com.ua/product/hma81gs6mfr8n-uh/?utm_source=google&utm_medium=cpc&utm_campaign=GoogleSearchMemory	Пам'ять оперативна
https://informatica.com.ua/product/m378b1g73bh0-ck0/?utm_source=google&utm_medium=cpc&utm_campaign=GoogleSearchMemory	Пам'ять оперативна
https://informatica.com.ua/product/m378b1g73eb0-yk0/?utm_source=google&utm_medium=cpc&utm_campaign=GoogleSearchMemory	Пам'ять оперативна
https://informatica.com.ua/product/hmt351u6sfr8c-pb/?utm_source=google&utm_medium=cpc&utm_campaign=GoogleSearchMemory	Пам'ять оперативна
https://informatica.com.ua/product/hmt351u6efr8c-pb/?utm_source=google&utm_medium=cpc&utm_campaign=GoogleSearchMemory	Пам'ять оперативна
https://informatica.com.ua/product/m471b5773chs-cf8/?utm_source=google&utm_medium=cpc&utm_campaign=GoogleSearchMemory	Пам'ять оперативна
https://informatica.com.ua/product/m378b5273eb0-ck0/?utm_source=google&utm_medium=cpc&utm_campaign=GoogleSearchMemory	Пам'ять оперативна
https://informatica.com.ua/product/m378b5173bh0-ck0/?utm_source=google&utm_medium=cpc&utm_campaign=GoogleSearchMemory	Пам'ять оперативна
https://informatica.com.ua/product/ddr3-sodimm-4096mb-ddr3-1600mhz-pc-12800-135v-kingston-acr/?utm_source=google&utm_medium=cpc&utm_campaign=GoogleSearchMemory	Пам'ять оперативна
https://informatica.com.ua/product/m471a1k43cb1-ctd/?utm_source=google&utm_medium=cpc&utm_campaign=GoogleSearchMemory	Пам'ять оперативна
https://informatica.com.ua/product/kingston-ddr4-2400-16384mb-pc4-19200-kvr24n17d816/?utm_source=google&utm_medium=cpc&utm_campaign=GoogleSearchMemory	Пам'ять оперативна
https://informatica.com.ua/product/mta16atf2g64hz-2g1a1/?utm_source=google&utm_medium=cpc&utm_campaign=GoogleSearchMemory	Пам'ять оперативна
https://informatica.com.ua/product/modul-pamyati-dlya-noutbuka-sodimm-ddr4-4gb-2666-mhz-micro/?utm_source=google&utm_medium=cpc&utm_campaign=GoogleSearchMemory	Пам'ять оперативна
https://informatica.com.ua/product/modul-pamyati-dlya-noutbuka-sodimm-ddr4-4gb-2666-mhz-kings/?utm_source=google&utm_medium=cpc&utm_campaign=GoogleSearchMemory	Пам'ять оперативна
https://informatica.com.ua/product/kingston-ddr4-2400-8192mb-pc4-19200-kvr24n17s88/?utm_source=google&utm_medium=cpc&utm_campaign=GoogleSearchMemory	Пам'ять оперативна
https://informatica.com.ua/product/kingston-ddr4-2400-4096mb-pc4-19200-kvr24n17s84/?utm_source=google&utm_medium=cpc&utm_campaign=GoogleSearchMemory	Пам'ять оперативна
https://informatica.com.ua/product/kingston-sodimm-ddr4-2133-16384mb-pc4-17000-kvr21s15d816/?utm_source=google&utm_medium=cpc&utm_campaign=GoogleSearchMemory	Пам'ять оперативна
https://informatica.com.ua/product/m471a1k43cb1-crc/?utm_source=google&utm_medium=cpc&utm_campaign=GoogleSearchMemory	Пам'ять оперативна
https://informatica.com.ua/product/m471a1k43bb1-crc/?utm_source=google&utm_medium=cpc&utm_campaign=GoogleSearchMemory	Пам'ять оперативна
https://informatica.com.ua/product/m378b1g73db0-ck0/?utm_source=google&utm_medium=cpc&utm_campaign=GoogleSearchMemory	Пам'ять оперативна
https://informatica.com.ua/product/samsung-sodimm-ddr2-1gb-800-mhz/?utm_source=google&utm_medium=cpc&utm_campaign=GoogleSearchMemory	Пам'ять оперативна
https://informatica.com.ua/product/operativnaya-pamyat-dlya-noutbuka-sodimm-ddr4-16gb-2400mhz/?utm_source=google&utm_medium=cpc&utm_campaign=GoogleSearchMemory	Пам'ять оперативна
https://informatica.com.ua/product/mta8atf51264az-2g1b1/?utm_source=google&utm_medium=cpc&utm_campaign=GoogleSearchMemory	Пам'ять оперативна
https://informatica.com.ua/product/mta4atf51264az-2g3b1/?utm_source=google&utm_medium=cpc&utm_campaign=GoogleSearchMemory	Пам'ять оперативна
https://informatica.com.ua/product/operativnaya-pamyat-dlya-noutbuka-sodimm-ddr4-8gb-pc4-1920/?utm_source=google&utm_medium=cpc&utm_campaign=GoogleSearchMemory	Пам'ять оперативна
https://informatica.com.ua/product/operativnaya-pamyat-dlya-noutbuka-hynix-sodimm-ddr4-4gb-24/?utm_source=google&utm_medium=cpc&utm_campaign=GoogleSearchMemory	Пам'ять оперативна
https://informatica.com.ua/product/m378b1g73eb0-ck0/?utm_source=google&utm_medium=cpc&utm_campaign=GoogleSearchMemory	Пам'ять оперативна
https://informatica.com.ua/product/m378a1g43db0-cpb/?utm_source=google&utm_medium=cpc&utm_campaign=GoogleSearchMemory	Пам'ять оперативна
https://informatica.com.ua/product/m471a2k43bb1-crc/?utm_source=google&utm_medium=cpc&utm_campaign=GoogleSearchMemory	Пам'ять оперативна
https://informatica.com.ua/product/hmt41gu6dfr8a-pb/?utm_source=google&utm_medium=cpc&utm_campaign=GoogleSearchMemory	Пам'ять оперативна
https://informatica.com.ua/product/m471a1k43bb0-cpb/?utm_source=google&utm_medium=cpc&utm_campaign=GoogleSearchMemory	Пам'ять оперативна
https://informatica.com.ua/product/m378b5273dh0-ck0/?utm_source=google&utm_medium=cpc&utm_campaign=GoogleSearchMemory	Пам'ять оперативна
https://informatica.com.ua/product/ct8g4dfd824a/?utm_source=google&utm_medium=cpc&utm_campaign=GoogleSearchMemory	Пам'ять оперативна
https://informatica.com.ua/product/m471b1g73bh0-yk0/?utm_source=google&utm_medium=cpc&utm_campaign=GoogleSearchMemory	Пам'ять оперативна
https://informatica.com.ua/product/ct102464bd160b/?utm_source=google&utm_medium=cpc&utm_campaign=GoogleSearchMemory	Пам'ять оперативна
https://informatica.com.ua/product/hma81gs6afr8n-uh/?utm_source=google&utm_medium=cpc&utm_campaign=GoogleSearchMemory	Пам'ять оперативна
https://informatica.com.ua/product/m471b5674qh0-yk0/?utm_source=google&utm_medium=cpc&utm_campaign=GoogleSearchMemory	Пам'ять оперативна
https://informatica.com.ua/product/operativnaya-pamyat-dlya-noutbuka-8gb-so-dimm-ddr4-2133-mh/?utm_source=google&utm_medium=cpc&utm_campaign=GoogleSearchMemory	Пам'ять оперативна
https://informatica.com.ua/product/modul-pamyati-dlya-noutbuka-sodimm-ddr4-4gb-2400-mhz-kings/?utm_source=google&utm_medium=cpc&utm_campaign=GoogleSearchMemory	Пам'ять оперативна
https://informatica.com.ua/product/modul-pamyati-dlya-noutbuka-sodimm-ddr4-4gb-2133-mhz-hynix/?utm_source=google&utm_medium=cpc&utm_campaign=GoogleSearchMemory	Пам'ять оперативна
https://informatica.com.ua/product/ddr3-sodimm-4096mb-ddr3-1600mhz-pc-12800-micron-crucial-15/?utm_source=google&utm_medium=cpc&utm_campaign=GoogleSearchMemory	Пам'ять оперативна
https://informatica.com.ua/product/operativnaya-pamyat-dlya-noutbuka-sodimm-ddr3l-2gb-1600-mh/?utm_source=google&utm_medium=cpc&utm_campaign=GoogleSearchMemory	Пам'ять оперативна
https://informatica.com.ua/product/hmt425s6afr8a-pb/?utm_source=google&utm_medium=cpc&utm_campaign=GoogleSearchMemory	Пам'ять оперативна
https://informatica.com.ua/product/hmt325u6cfr8c-pb/?utm_source=google&utm_medium=cpc&utm_campaign=GoogleSearchMemory	Пам'ять оперативна
https://informatica.com.ua/product/hmt451u6bfr8c-pb/?utm_source=google&utm_medium=cpc&utm_campaign=GoogleSearchMemory	Пам'ять оперативна
https://informatica.com.ua/product/m378b5773ch0-ck0/?utm_source=google&utm_medium=cpc&utm_campaign=GoogleSearchMemory	Пам'ять оперативна
https://informatica.com.ua/product/m378b5773dh0-ck0/?utm_source=google&utm_medium=cpc&utm_campaign=GoogleSearchMemory	Пам'ять оперативна
https://informatica.com.ua/product/m471b5773chs-ck0/?utm_source=google&utm_medium=cpc&utm_campaign=GoogleSearchMemory	Пам'ять оперативна
https://informatica.com.ua/product/m471b5173cb0-yk0/?utm_source=google&utm_medium=cpc&utm_campaign=GoogleSearchMemory	Пам'ять оперативна
https://informatica.com.ua/product/164069-operativnaya-pamyat-dlya-noutbuka-sodimm-ddr2-2gb-800mhz-p/?utm_source=google&utm_medium=cpc&utm_campaign=GoogleSearchMemory	Пам'ять оперативна
https://informatica.com.ua/product/operativnaya-pamyat-dlya-noutbuka-sodimm-ddr3-4gb-pc3-1280/?utm_source=google&utm_medium=cpc&utm_campaign=GoogleSearchMemory	Пам'ять оперативна
https://informatica.com.ua/product/operativnaya-pamyat-dlya-noutbuka-sodimm-ddr2-2gb-800mhz-s/?utm_source=google&utm_medium=cpc&utm_campaign=GoogleSearchMemory	Пам'ять оперативна
https://informatica.com.ua/product/163965-operativnaya-pamyat-dlya-noutbuka-sodimm-ddr2-2gb-667mhz-p/?utm_source=google&utm_medium=cpc&utm_campaign=GoogleSearchMemory	Пам'ять оперативна
https://informatica.com.ua/product/operativnaya-pamyat-dlya-noutbuka-sodimm-ddr3-2gb-1600mhz/?utm_source=google&utm_medium=cpc&utm_campaign=GoogleSearchMemory	Пам'ять оперативна
https://informatica.com.ua/product/163956-operativnaya-pamyat-dlya-pk-dimm-ddr3-4gb-1600mhz-pc-12800/?utm_source=google&utm_medium=cpc&utm_campaign=GoogleSearchMemory	Пам'ять оперативна
https://informatica.com.ua/product/operativnaya-pamyat-dlya-noutbuka-sodimm-ddr3-4gb-1600-mhz/?utm_source=google&utm_medium=cpc&utm_campaign=GoogleSearchMemory	Пам'ять оперативна
https://informatica.com.ua/product/163939-operativnaya-pamyat-dlya-pk-dimm-ddr3-2gb-1333mhz-pc-10600/?utm_source=google&utm_medium=cpc&utm_campaign=GoogleSearchMemory	Пам'ять оперативна
https://informatica.com.ua/product/163922-operativnaya-pamyat-dlya-noutbuka-2gb-so-dimm-ddr3-1333mhz/?utm_source=google&utm_medium=cpc&utm_campaign=GoogleSearchMemory	Пам'ять оперативна
https://informatica.com.ua/product/operativnaya-pamyat-dlya-noutbuka-4gb-so-dimm-ddr4-2133-mh/?utm_source=google&utm_medium=cpc&utm_campaign=GoogleSearchMemory	Пам'ять оперативна
https://informatica.com.ua/product/163921-operativnaya-pamyat-dlya-noutbuka-2gb-so-dimm-ddr3-1333mhz/?utm_source=google&utm_medium=cpc&utm_campaign=GoogleSearchMemory	Пам'ять оперативна
https://informatica.com.ua/product/operativnaya-pamyat-dlya-noutbuka-8gb-so-dimm-ddr3-1600-mh/?utm_source=google&utm_medium=cpc&utm_campaign=GoogleSearchMemory	Пам'ять оперативна
https://informatica.com.ua/product/163909-operativnaya-pamyat-dlya-noutbuka-4gb-so-dimm-ddr4-2133-mh/?utm_source=google&utm_medium=cpc&utm_campaign=GoogleSearchMemory	Пам'ять оперативна
https://informatica.com.ua/product/163876-pamyat-operativnaya-dlya-noutbuka-4gb-sodimm-pc3-10600-ddr/?utm_source=google&utm_medium=cpc&utm_campaign=GoogleSearchMemory	Пам'ять оперативна
https://informatica.com.ua/product/operativnaya-pamyat-dlya-noutbuka-2-gb-so-dimm-ddr2-667mhz/?utm_source=google&utm_medium=cpc&utm_campaign=GoogleSearchMemory	Пам'ять оперативна
https://informatica.com.ua/product/operativnaya-pamyat-dlya-pk-4-gb-ddr3-1600-mhz-samsung-m37/?utm_source=google&utm_medium=cpc&utm_campaign=GoogleSearchMemory	Пам'ять оперативна
https://informatica.com.ua/product/pamyat-dlya-noutbuka-4gb-ddr3-so-dimm-1600-pc3-12800-15v-e/?utm_source=google&utm_medium=cpc&utm_campaign=GoogleSearchMemory	Пам'ять оперативна
https://informatica.com.ua/product/163860-pamyat-operativnaya-dlya-noutbuka-4gb-sodimm-pc3-12800-ddr/?utm_source=google&utm_medium=cpc&utm_campaign=GoogleSearchMemory	Пам'ять оперативна
https://informatica.com.ua/product/pamyat-operativnaya-dlya-noutbuka-4gb-ddr3-so-dimm-1600mhz/?utm_source=google&utm_medium=cpc&utm_campaign=GoogleSearchMemory	Пам'ять оперативна
https://informatica.com.ua/product/operativnaya-pamyat-dlya-noutbuka-8gb-12v-ddr4-pc4-19200-2/?utm_source=google&utm_medium=cpc&utm_campaign=GoogleSearchMemory	Пам'ять оперативна
https://informatica.com.ua/product/pamyat-operativnaya-dlya-noutbuka-4gb-ddr3-pc3-12800-1600m/?utm_source=google&utm_medium=cpc&utm_campaign=GoogleSearchMemory	Пам'ять оперативна
https://informatica.com.ua/product/163764-pamyat-dlya-noutbuka-4gb-ddr3-so-dimm-1333-pc3-10600-15v-k/?utm_source=google&utm_medium=cpc&utm_campaign=GoogleSearchMemory	Пам'ять оперативна
https://informatica.com.ua/product/pamyat-operativnaya-dlya-noutbuka-4gb-sodimm-ddr3l-1600mhz/?utm_source=google&utm_medium=cpc&utm_campaign=GoogleSearchMemory	Пам'ять оперативна
https://informatica.com.ua/product/163720-modul-pamyati-dlya-noutbuka-sodimm-ddr4-8gb-2133-mhz-samsu/?utm_source=google&utm_medium=cpc&utm_campaign=GoogleSearchMemory	Пам'ять оперативна
https://informatica.com.ua/product/modul-pamyati-dlya-noutbuka-sodimm-ddr4-8gb-2400-mhz-micro/?utm_source=google&utm_medium=cpc&utm_campaign=GoogleSearchMemory	Пам'ять оперативна
https://informatica.com.ua/product/operativnaya-pamyat-sk-hynix-4-gb-ddr3-1333-mhz-hmt351u6bf/?utm_source=google&utm_medium=cpc&utm_campaign=GoogleSearchMemory	Пам'ять оперативна
https://informatica.com.ua/product/pamyat-dlya-noutbuka-8gb-pc3-12800-ddr3-1600-15v-samsung-m/?utm_source=google&utm_medium=cpc&utm_campaign=GoogleSearchMemory	Пам'ять оперативна
https://informatica.com.ua/product/ddr3-sodimm-4096mb-ddr3-1600mhz-pc-12800-kingston-kvr16s11/?utm_source=google&utm_medium=cpc&utm_campaign=GoogleSearchMemory	Пам'ять оперативна
https://informatica.com.ua/product/operativnaya-pamyat-samsung-2-gb-ddr2-800-mhz-m378t5663eh3/?utm_source=google&utm_medium=cpc&utm_campaign=GoogleSearchMemory	Пам'ять оперативна
https://informatica.com.ua/product/ddr3-sodimm-4096mb-ddr3-1333mhz-pc-10600-micron-mt16jsf512/?utm_source=google&utm_medium=cpc&utm_campaign=GoogleSearchMemory	Пам'ять оперативна
https://informatica.com.ua/product/operativnaya-pamyat-sk-hynix-4-gb-so-dimm-ddr3l-1600-mhz-h/?utm_source=google&utm_medium=cpc&utm_campaign=GoogleSearchMemory	Пам'ять оперативна
https://informatica.com.ua/product/163375-modul-pamyati-dlya-noutbuka-sodimm-ddr3-8gb-1600-mhz-kings/?utm_source=google&utm_medium=cpc&utm_campaign=GoogleSearchMemory	Пам'ять оперативна
https://informatica.com.ua/product/163360-modul-pamyati-dlya-noutbuka-sodimm-ddr4-8gb-2133-mhz-samsu/?utm_source=google&utm_medium=cpc&utm_campaign=GoogleSearchMemory	Пам'ять оперативна
https://informatica.com.ua/product/modul-pamyati-dlya-noutbuka-sodimm-ddr4-4gb-2133-mhz-goodr/?utm_source=google&utm_medium=cpc&utm_campaign=GoogleSearchMemory	Пам'ять оперативна
https://informatica.com.ua/product/operativnaya-pamyat-samsung-2-gb-so-dimm-ddr3-1066-mhz-m47/?utm_source=google&utm_medium=cpc&utm_campaign=GoogleSearchMemory	Пам'ять оперативна
https://informatica.com.ua/product/163288-operativnaya-pamyat-sk-hynix-2-gb-so-dimm-ddr3-1600-mhz-hm/?utm_source=google&utm_medium=cpc&utm_campaign=GoogleSearchMemory	Пам'ять оперативна
https://informatica.com.ua/product/sodimm-ddr4-8gb-2133-mhz-kingston-kvr21s15d88/?utm_source=google&utm_medium=cpc&utm_campaign=GoogleSearchMemory	Пам'ять оперативна
https://informatica.com.ua/product/operativnaya-pamyat-samsung-4-gb-ddr3-1600-mhz-m378b5173eb/?utm_source=google&utm_medium=cpc&utm_campaign=GoogleSearchMemory	Пам'ять оперативна
https://informatica.com.ua/product/samsung-sodimm-ddr2-800-2048mb-pc2-6400-m470t5663qz3-cf7/?utm_source=google&utm_medium=cpc&utm_campaign=GoogleSearchMemory	Пам'ять оперативна
https://informatica.com.ua/product/samsung-sodimm-ddr3-1066-4096mb-pc3-8500m471b5273bh1-cf8/?utm_source=google&utm_medium=cpc&utm_campaign=GoogleSearchMemory	Пам'ять оперативна
https://informatica.com.ua/product/pamyat-crucial-ddr4-2133-8gb-so-dimm-260-pin/?utm_source=google&utm_medium=cpc&utm_campaign=GoogleSearchMemory	Пам'ять оперативна
https://informatica.com.ua/product/pamyat-kingston-ddr3-1600-8gb-135v-dlya-noutbuka-lenovo/?utm_source=google&utm_medium=cpc&utm_campaign=GoogleSearchMemory	Пам'ять оперативна
https://informatica.com.ua/product/pamyat-kingston-ddr3-1600-4gb-135v-dlya-noutbukov-lenovo/?utm_source=google&utm_medium=cpc&utm_campaign=GoogleSearchMemory	Пам'ять оперативна
https://informatica.com.ua/product/162199-modul-pamyati-dlya-noutbuka-sodimm-ddr3-4gb-1600-mhz-hynix/?utm_source=google&utm_medium=cpc&utm_campaign=GoogleSearchMemory	Пам'ять оперативна
https://informatica.com.ua/product/162196-modul-pamyati-dlya-noutbuka-sodimm-ddr3-4gb-1600-mhz-goodr/?utm_source=google&utm_medium=cpc&utm_campaign=GoogleSearchMemory	Пам'ять оперативна
https://informatica.com.ua/product/dimm-2048mb-ddr2-800mhz-pc-6400-samsung/?utm_source=google&utm_medium=cpc&utm_campaign=GoogleSearchMemory	Пам'ять оперативна
https://informatica.com.ua/product/pamyat-dlya-noutbuka-kingston-ddr3-1600-4gb-so-dimm15v/?utm_source=google&utm_medium=cpc&utm_campaign=GoogleSearchMemory	Пам'ять оперативна
https://informatica.com.ua/product/pamyat-micron-crucial-ddr3-1866-8gb-retail-15v135v-low-vol/?utm_source=google&utm_medium=cpc&utm_campaign=GoogleSearchMemory	Пам'ять оперативна
https://informatica.com.ua/product/pamyat-micron-crucial-ddr2-800-2gb-retail/?utm_source=google&utm_medium=cpc&utm_campaign=GoogleSearchMemory	Пам'ять оперативна
https://informatica.com.ua/product/pamyat-transcned-ddr3-1333-16-chips-256mx8-4gb-so-dimm/?utm_source=google&utm_medium=cpc&utm_campaign=GoogleSearchMemory	Пам'ять оперативна
https://informatica.com.ua/product/pamyat-micron-crucial-ddr3-1600-4gb-8-chips-retail/?utm_source=google&utm_medium=cpc&utm_campaign=GoogleSearchMemory	Пам'ять оперативна
https://informatica.com.ua/product/163953-operativnaya-pamyat-dlya-noutbuka-sodimm-ddr3-4gb-1600mhz/?utm_source=google&utm_medium=cpc&utm_campaign=GoogleSearchMemory	Пам'ять оперативна
https://informatica.com.ua/product/163789-modul-pamyati-dlya-noutbuka-sodimm-ddr4-4gb-2400-mhz-samsu/?utm_source=google&utm_medium=cpc&utm_campaign=GoogleSearchMemory	Пам'ять оперативна
https://informatica.com.ua/product/operativnaya-pamyat-dlya-noutbuka-sodimm-ddr3-8gb-1600-mhz/?utm_source=google&utm_medium=cpc&utm_campaign=GoogleSearchMemory	Пам'ять оперативна
https://informatica.com.ua/product/kingston-sodimm-ddr4-2400-8192mb-pc4-19200-kvr24s17s88/?utm_source=google&utm_medium=cpc&utm_campaign=GoogleSearchMemory	Пам'ять оперативна
https://informatica.com.ua/product/163955-operativnaya-pamyat-dlya-pk-dimm-ddr3-4gb-1600mhz-pc-12800/?utm_source=google&utm_medium=cpc&utm_campaign=GoogleSearchMemory	Пам'ять оперативна
https://informatica.com.ua/product/163895-operativnaya-pamyat-dlya-noutbuka-2gb-so-dimm-ddr3-1333mhz/?utm_source=google&utm_medium=cpc&utm_campaign=GoogleSearchMemory	Пам'ять оперативна
https://informatica.com.ua/product/pamyat-operativnaya-dlya-pk-4-gb-ddr3-1333-mhz-samsung-m37/?utm_source=google&utm_medium=cpc&utm_campaign=GoogleSearchMemory	Пам'ять оперативна
https://informatica.com.ua/product/163864-operativnaya-pamyat-dlya-noutbuka-4-gb-so-dimm-ddr3-1333-m/?utm_source=google&utm_medium=cpc&utm_campaign=GoogleSearchMemory	Пам'ять оперативна
https://informatica.com.ua/product/163818-operativnaya-pamyat-dlya-noutbuka-4-gb-so-dimm-ddr3-1333-m/?utm_source=google&utm_medium=cpc&utm_campaign=GoogleSearchMemory	Пам'ять оперативна
https://informatica.com.ua/product/samsung-sodimm-ddr3l-1600-4gb-pc3l-12800s-m471b5273dh0-yk0/?utm_source=google&utm_medium=cpc&utm_campaign=GoogleSearchMemory	Пам'ять оперативна
https://informatica.com.ua/product/kingston-ddr3-1600-4096mb-pc3-12800-kvr16n114g-16-chip/?utm_source=google&utm_medium=cpc&utm_campaign=GoogleSearchMemory	Пам'ять оперативна
https://informatica.com.ua/product/kingston-ddr3-4gb-1333mhz-16chips-universal-kvr1333d3n94g/?utm_source=google&utm_medium=cpc&utm_campaign=GoogleSearchMemory	Пам'ять оперативна
https://informatica.com.ua/product/163372-modul-pamyati-dlya-noutbuka-sodimm-ddr4-8gb-2133-mhz-kings/?utm_source=google&utm_medium=cpc&utm_campaign=GoogleSearchMemory	Пам'ять оперативна
https://informatica.com.ua/product/modul-pamyati-dlya-noutbuka-sodimm-ddr4-4gb-2133-mhz-kings/?utm_source=google&utm_medium=cpc&utm_campaign=GoogleSearchMemory	Пам'ять оперативна
https://informatica.com.ua/product/modul-pamyat-dlya-noutbuka-sodimm-ddr3-8gb-1600-mhz-samsun/?utm_source=google&utm_medium=cpc&utm_campaign=GoogleSearchMemory	Пам'ять оперативна
https://informatica.com.ua/product/ddr3-sodimm-4096mb-ddr3-1333mhz-pc-10600-kingston/?utm_source=google&utm_medium=cpc&utm_campaign=GoogleSearchMemory	Пам'ять оперативна
https://informatica.com.ua/product/ddr3-sodimm-4096mb-ddr3-1066mhz-pc-8500-transcend/?utm_source=google&utm_medium=cpc&utm_campaign=GoogleSearchMemory	Пам'ять оперативна
https://informatica.com.ua/product/ddr3-sodimm-4096mb-ddr3-1333mhz-pc-10600-samsung/?utm_source=google&utm_medium=cpc&utm_campaign=GoogleSearchMemory	Пам'ять оперативна
https://informatica.com.ua/product/modul-pamyati-dlya-komputera-ddr3-2gb-1333-mhz-kingston-kv/?utm_source=google&utm_medium=cpc&utm_campaign=GoogleSearchMemory	Пам'ять оперативна
https://informatica.com.ua/product/modul-pamyat-sodimm-ddr3-8gb-1600-mhz-kingston-kvr16ls118/?utm_source=google&utm_medium=cpc&utm_campaign=GoogleSearchMemory	Пам'ять оперативна
https://informatica.com.ua/product/pamyat-dlya-noutbuka-kingston-ddr3-1600-8gb-15v-retail/?utm_source=google&utm_medium=cpc&utm_campaign=GoogleSearchMemory	Пам'ять оперативна
https://informatica.com.ua/product/pamyat-kingston-ddr3-1600-8gb-retail15v/?utm_source=google&utm_medium=cpc&utm_campaign=GoogleSearchMemory	Пам'ять оперативна
https://informatica.com.ua/product/ddr3-sodimm-8gb-ddr3-1333mhz-pc-10600-15v-kvr1333d3s98g-ki/?utm_source=google&utm_medium=cpc&utm_campaign=GoogleSearchMemory	Пам'ять оперативна
https://informatica.com.ua/product/dimm-8192mb-ddr3-1333mhz-pc-10600-kingston-kvr1333d3n98g/?utm_source=google&utm_medium=cpc&utm_campaign=GoogleSearchMemory	Пам'ять оперативна
https://informatica.com.ua/product/m471a5244bb0-crc/?utm_source=google&utm_medium=cpc&utm_campaign=GoogleSearchMemory	Пам'ять оперативна
https://informatica.com.ua/product/hmt41gs6dfr8a-pb/?utm_source=google&utm_medium=cpc&utm_campaign=GoogleSearchMemory	Пам'ять оперативна
https://informatica.com.ua/product/164050-operativnaya-pamyat-dlya-pk-dimm-ddr3-4gb-1333mhz-pc-10600/?utm_source=google&utm_medium=cpc&utm_campaign=GoogleSearchMemory	Пам'ять оперативна
https://informatica.com.ua/product/m471b5273eb0-ck0/?utm_source=google&utm_medium=cpc&utm_campaign=GoogleSearchMemory	Пам'ять оперативна
https://informatica.com.ua/product/operativnaya-pamyat-dlya-pk-dimm-ddr3-2gb-1333mhz-pc-10600/?utm_source=google&utm_medium=cpc&utm_campaign=GoogleSearchMemory	Пам'ять оперативна
https://informatica.com.ua/product/operativnaya-pamyat-dlya-noutbuka-sodimm-ddr3-4gb-1600mhz/?utm_source=google&utm_medium=cpc&utm_campaign=GoogleSearchMemory	Пам'ять оперативна
https://informatica.com.ua/product/164018-operativnaya-pamyat-dlya-noutbuka-sodimm-ddr3-4gb-1600mhz/?utm_source=google&utm_medium=cpc&utm_campaign=GoogleSearchMemory	Пам'ять оперативна
https://informatica.com.ua/product/operativnaya-pamyat-dlya-noutbuka-sodimm-ddr3-2gb-1333mhz/?utm_source=google&utm_medium=cpc&utm_campaign=GoogleSearchMemory	Пам'ять оперативна
https://informatica.com.ua/product/164023-operativnaya-pamyat-dlya-pk-dimm-ddr3-2gb-1333mhz-pc-10600/?utm_source=google&utm_medium=cpc&utm_campaign=GoogleSearchMemory	Пам'ять оперативна
https://informatica.com.ua/product/163958-operativnaya-pamyat-dlya-noutbuka-sodimm-ddr3-2gb-1066mhz/?utm_source=google&utm_medium=cpc&utm_campaign=GoogleSearchMemory	Пам'ять оперативна
https://informatica.com.ua/product/163959-operativnaya-pamyat-dlya-pk-dimm-ddr3-4gb-1333mhz-pc-10600/?utm_source=google&utm_medium=cpc&utm_campaign=GoogleSearchMemory	Пам'ять оперативна
https://informatica.com.ua/product/pamyat-operativnaya-dlya-noutbuka-4gb-sodimm-pc3-12800-ddr/?utm_source=google&utm_medium=cpc&utm_campaign=GoogleSearchMemory	Пам'ять оперативна
https://informatica.com.ua/product/163923-operativnaya-pamyat-dlya-noutbuka-2gb-so-dimm-ddr3-1333mhz/?utm_source=google&utm_medium=cpc&utm_campaign=GoogleSearchMemory	Пам'ять оперативна
https://informatica.com.ua/product/operativnaya-pamyat-dlya-noutbuka-sodimm-ddr2-1gb-800-mhz/?utm_source=google&utm_medium=cpc&utm_campaign=GoogleSearchMemory	Пам'ять оперативна
https://informatica.com.ua/product/kingston-ddr3-1600-8192mb-pc3-12800-kvr16n118-na-vse-pla/?utm_source=google&utm_medium=cpc&utm_campaign=GoogleSearchMemory	Пам'ять оперативна
https://informatica.com.ua/product/163903-operativnaya-pamyat-dlya-noutbuka-2gb-so-dimm-ddr3-1333mhz/?utm_source=google&utm_medium=cpc&utm_campaign=GoogleSearchMemory	Пам'ять оперативна
https://informatica.com.ua/product/163892-operativnaya-pamyat-dlya-pk-2gb-ddr3-1333mhz-pc-10600-hyni/?utm_source=google&utm_medium=cpc&utm_campaign=GoogleSearchMemory	Пам'ять оперативна
https://informatica.com.ua/product/163894-operativnaya-pamyat-dlya-pk-2gb-ddr3-1333mhz-pc-10600-sams/?utm_source=google&utm_medium=cpc&utm_campaign=GoogleSearchMemory	Пам'ять оперативна
https://informatica.com.ua/product/modul-pamyati-dlya-noutbuka-sodimm-ddr4-16gb-2x8gb-2400-mh/?utm_source=google&utm_medium=cpc&utm_campaign=GoogleSearchMemory	Пам'ять оперативна
https://informatica.com.ua/product/operativnaya-pamyat-dlya-pk-2-gb-ddr3-1333-mhz-samsung-m37/?utm_source=google&utm_medium=cpc&utm_campaign=GoogleSearchMemory	Пам'ять оперативна
https://informatica.com.ua/product/operativnaya-pamyat-dlya-noutbuka-4gb-sodimm-ddr3-1333-mhz/?utm_source=google&utm_medium=cpc&utm_campaign=GoogleSearchMemory	Пам'ять оперативна
https://informatica.com.ua/product/operativnaya-pamyat-kingston-4-gb-ddr3-1600-mhz-hyperx-fur/?utm_source=google&utm_medium=cpc&utm_campaign=GoogleSearchMemory	Пам'ять оперативна
https://informatica.com.ua/product/163724-modul-pamyati-dlya-noutbuka-sodimm-ddr3-4gb-1333-mhz-excel/?utm_source=google&utm_medium=cpc&utm_campaign=GoogleSearchMemory	Пам'ять оперативна
https://informatica.com.ua/product/modul-pamyati-dlya-noutbuka-sodimm-ddr4-8gb-2133-mhz-excel/?utm_source=google&utm_medium=cpc&utm_campaign=GoogleSearchMemory	Пам'ять оперативна
https://informatica.com.ua/product/dimm-2048mb-ddr3-1333mhz-pc-10600-hynix/?utm_source=google&utm_medium=cpc&utm_campaign=GoogleSearchMemory	Пам'ять оперативна
https://informatica.com.ua/product/dimm-2gb-ddr2-800-mhz-samsung-m378t5663qz3-cf7/?utm_source=google&utm_medium=cpc&utm_campaign=GoogleSearchMemory	Пам'ять оперативна
https://informatica.com.ua/product/kingston-sodimm-ddr2-667-2048mb-pc2-5300-kvr667d2s52g/?utm_source=google&utm_medium=cpc&utm_campaign=GoogleSearchMemory	Пам'ять оперативна
https://informatica.com.ua/product/operativnaya-pamyat-sk-hynix-2-gb-so-dimm-ddr3-1333-mhz-hm/?utm_source=google&utm_medium=cpc&utm_campaign=GoogleSearchMemory	Пам'ять оперативна
https://informatica.com.ua/product/operativnaya-pamyat-transcend-2-gb-ddr2-800-mhz-jm800qlu-2/?utm_source=google&utm_medium=cpc&utm_campaign=GoogleSearchMemory	Пам'ять оперативна
https://informatica.com.ua/product/operativnaya-pamyat-samsung-4-gb-so-dimm-ddr3l-1600-mhz-m4/?utm_source=google&utm_medium=cpc&utm_campaign=GoogleSearchMemory	Пам'ять оперативна
https://informatica.com.ua/product/so-dimm-8-gb-ddr3l-1600-mhz-m471b1g73db0-yk0-samsung/?utm_source=google&utm_medium=cpc&utm_campaign=GoogleSearchMemory	Пам'ять оперативна
https://informatica.com.ua/product/modul-pamyati-dlya-noutbuka-sodimm-ddr3-4gb-1600-mhz-hynix/?utm_source=google&utm_medium=cpc&utm_campaign=GoogleSearchMemory	Пам'ять оперативна
https://informatica.com.ua/product/operativnaya-pamyat-sk-hynix-4-gb-so-dimm-ddr3-1600-mhz-15/?utm_source=google&utm_medium=cpc&utm_campaign=GoogleSearchMemory	Пам'ять оперативна
https://informatica.com.ua/product/pamyat-samsung-sodimm-ddr3-1600-4096mb-pc-12800-135v-m471b/?utm_source=google&utm_medium=cpc&utm_campaign=GoogleSearchMemory	Пам'ять оперативна
https://informatica.com.ua/product/operativnaya-pamyat-samsung-4-gb-so-dimm-ddr3-1600-mhz-15v/?utm_source=google&utm_medium=cpc&utm_campaign=GoogleSearchMemory	Пам'ять оперативна
https://informatica.com.ua/product/ddr3-sodimm-2048mb-1066mhz-pc-8500-micron/?utm_source=google&utm_medium=cpc&utm_campaign=GoogleSearchMemory	Пам'ять оперативна
https://informatica.com.ua/product/modul-pamyati-dlya-noutbuka-sodimm-ddr3-8gb-1600-mhz-micro/?utm_source=google&utm_medium=cpc&utm_campaign=GoogleSearchMemory	Пам'ять оперативна
https://informatica.com.ua/product/163377-modul-pamyati-dlya-noutbuka-sodimm-ddr3-8gb-1600-mhz-kings/?utm_source=google&utm_medium=cpc&utm_campaign=GoogleSearchMemory	Пам'ять оперативна
https://informatica.com.ua/product/163358-modul-pamyati-dlya-noutbuka-sodimm-ddr3-4gb-1600-mhz-kings/?utm_source=google&utm_medium=cpc&utm_campaign=GoogleSearchMemory	Пам'ять оперативна
https://informatica.com.ua/product/sodimm-ddr3l-8gb-1600-mhz-apacer-as08gfa60catbgj-ddr3-8-gb/?utm_source=google&utm_medium=cpc&utm_campaign=GoogleSearchMemory	Пам'ять оперативна
https://informatica.com.ua/product/dimm-4096mb-ddr2-800mhz-pc-6400-kingston-for-amd-mb/?utm_source=google&utm_medium=cpc&utm_campaign=GoogleSearchMemory	Пам'ять оперативна
https://informatica.com.ua/product/ddr2-sodimm-1024mb-800mhz-pc-6400-kingston/?utm_source=google&utm_medium=cpc&utm_campaign=GoogleSearchMemory	Пам'ять оперативна
https://informatica.com.ua/product/so-dimm-4gb-ddr3-1066mhz-kingston-kvr1066d3s74g/?utm_source=google&utm_medium=cpc&utm_campaign=GoogleSearchMemory	Пам'ять оперативна
https://informatica.com.ua/product/kabel-hdmi-vga-18m-chernyy-xc1203/?utm_source=google&utm_medium=cpc&utm_campaign=GoogleSearchMemory	HDMI - VGA
https://informatica.com.ua/product/163186-operativnaya-pamyat-sk-hynix-2-gb-so-dimm-ddr3-1600-mhz-hm/?utm_source=google&utm_medium=cpc&utm_campaign=GoogleSearchMemory	Пам'ять оперативна
https://informatica.com.ua/product/ddr3-sodimm-4096mb-ddr3-1333mhz-pc-10600-hynix/?utm_source=google&utm_medium=cpc&utm_campaign=GoogleSearchMemory	Пам'ять оперативна
https://informatica.com.ua/product/operativnaya-pamyat-samsung-8-gb-so-dimm-ddr3l-1600-mhz-m4/?utm_source=google&utm_medium=cpc&utm_campaign=GoogleSearchMemory	Пам'ять оперативна
https://informatica.com.ua/product/so-dimm-4-gb-ddr3-1066mhz-pc-8500-samsung-m471b5273ch0-cf8/?utm_source=google&utm_medium=cpc&utm_campaign=GoogleSearchMemory	Пам'ять оперативна
https://informatica.com.ua/product/so-dimm-ddr3-1600-mhz-hynix-8-gb-hmt41gs6afr8a/?utm_source=google&utm_medium=cpc&utm_campaign=GoogleSearchMemory	Пам'ять оперативна
https://informatica.com.ua/product/hynix-sodimm-ddr2-800-2048mb-hymp125s64cp8-s6/?utm_source=google&utm_medium=cpc&utm_campaign=GoogleSearchMemory	Пам'ять оперативна
https://informatica.com.ua/product/ddr3-sodimm-4096mb-ddr3-1600mhz-pc-12800-samsung/?utm_source=google&utm_medium=cpc&utm_campaign=GoogleSearchMemory	Пам'ять оперативна
https://informatica.com.ua/product/modul-pamyati-dlya-komputera-ddr3-4gb-1600-mhz-hynix-hmt45/?utm_source=google&utm_medium=cpc&utm_campaign=GoogleSearchMemory	Пам'ять оперативна
https://informatica.com.ua/product/pamyat-kingston-ddr3-1600-4gb-retail-15v/?utm_source=google&utm_medium=cpc&utm_campaign=GoogleSearchMemory	Пам'ять оперативна
https://informatica.com.ua/product/dimm-2048mb-ddr2-800mhz-pc-6400-hynix/?utm_source=google&utm_medium=cpc&utm_campaign=GoogleSearchMemory	Пам'ять оперативна
https://informatica.com.ua/product/pamyat-kingston-ddr2-800-1gb/?utm_source=google&utm_medium=cpc&utm_campaign=GoogleSearchMemory	Пам'ять оперативна
https://informatica.com.ua/product/pamyat-dlya-noutbuka-kingston-ddr3-1333-2gb-retail-15v/?utm_source=google&utm_medium=cpc&utm_campaign=GoogleSearchMemory	Пам'ять оперативна
https://informatica.com.ua/product/pamyat-dlya-noutbuka-kingston-ddr3-1600-4gb-135v-retail/?utm_source=google&utm_medium=cpc&utm_campaign=GoogleSearchMemory	Пам'ять оперативна
https://informatica.com.ua/product/pamyat-dlya-noutbuka-kingston-ddr2-800-1gb-so-dimm/?utm_source=google&utm_medium=cpc&utm_campaign=GoogleSearchMemory	Пам'ять оперативна
https://informatica.com.ua/product/pamyat-dlya-noutbuka-kingston-ddr2800-2gbso-dimm/?utm_source=google&utm_medium=cpc&utm_campaign=GoogleSearchMemory	Пам'ять оперативна
https://informatica.com.ua/product/pamyat-dlya-noutbuka-kingston-ddr3-1333-4gb-15v/?utm_source=google&utm_medium=cpc&utm_campaign=GoogleSearchMemory	Пам'ять оперативна
https://informatica.com.ua/product/pamyat-kingston-ddr2-800-2gb-cl6/?utm_source=google&utm_medium=cpc&utm_campaign=GoogleSearchMemory	Пам'ять оперативна
https://informatica.com.ua/product/kvr667d2n52g/?utm_source=google&utm_medium=cpc&utm_campaign=GoogleSearchMemory	Пам'ять оперативна
https://informatica.com.ua/product/pamyat-dlya-noutbukov-micron-crucial-ddr3-1600-8gb-for-mac/?utm_source=google&utm_medium=cpc&utm_campaign=GoogleSearchMemory	Пам'ять оперативна
https://informatica.com.ua/product/kabel-perekhodnik-hdmi-to-rca-1-metr-kbt001740/?utm_source=google&utm_medium=cpc&utm_campaign=GoogleSearchMemory	HDMI-RCA
https://informatica.com.ua/product/operativnaya-pamyat-dlya-pk-sk-hynix-4-gb-ddr3-1600-mhz-hm/?utm_source=google&utm_medium=cpc&utm_campaign=GoogleSearchMemory	Пам'ять оперативна
https://informatica.com.ua/product/modul-pamyati-dlya-noutbuka-sodimm-ddr3-8gb-1600-mhz-hynix/?utm_source=google&utm_medium=cpc&utm_campaign=GoogleSearchMemory	Пам'ять оперативна